centroid_x_norm,centroid_y_norm,spread_x,spread_y,elongation_ratio,entropy,peak_ratio,coverage_ratio,grid_cell_0,grid_cell_1,grid_cell_2,grid_cell_3,grid_cell_4,grid_cell_5,grid_cell_6,grid_cell_7,grid_cell_8,grid_cell_9,grid_cell_10,grid_cell_11,grid_cell_12,grid_cell_13,grid_cell_14,grid_cell_15,grid_cell_16,grid_cell_17,grid_cell_18,grid_cell_19,grid_cell_20,grid_cell_21,grid_cell_22,grid_cell_23,grid_cell_24,grid_cell_25,grid_cell_26,grid_cell_27,grid_cell_28,grid_cell_29,grid_cell_30,grid_cell_31,grid_cell_32,grid_cell_33,grid_cell_34,grid_cell_35,grid_cell_36,grid_cell_37,grid_cell_38,grid_cell_39,grid_cell_40,grid_cell_41,grid_cell_42,grid_cell_43,grid_cell_44,grid_cell_45,grid_cell_46,grid_cell_47,grid_cell_48,grid_cell_49,grid_cell_50,grid_cell_51,grid_cell_52,grid_cell_53,grid_cell_54,grid_cell_55,grid_cell_56,grid_cell_57,grid_cell_58,grid_cell_59,grid_cell_60,grid_cell_61,grid_cell_62,grid_cell_63,violation_count_frantic_eye_movement,violation_count_forbidden_key,violation_count_off_screen,violation_count_duration,num_transitions,pct_non_center_time,violation_rate,session_id,label
0.4802976623409062,0.42639228109122235,0.16341101176019643,0.18106228393169044,2.5768551171254264,4.7764338824712596,0.2648031224550231,0.3625163966049383,0.00029237334438809737,0.005964272532743611,0.01141254984222188,0.002255838379010664,0.0017216881264685419,0.00048539142581627753,0.0004925484312693769,0.0,0.0021811181367512797,0.009305129518379543,0.03062645669412751,0.020273627240413858,0.019853768009315823,0.013320085228052659,0.012458467434499134,0.001801271816448951,0.0012829139523873165,0.033424486594355395,0.0628005398261171,0.0589715833585475,0.053380649521456776,0.06857879930014435,0.030046283304202618,0.003214960009403034,0.00020461021960414602,0.020184289021765712,0.07544565588352341,0.07201015509990731,0.06572883275223654,0.04117568929941607,0.007763941622102679,3.973657853882936e-05,0.0,0.0015921021146063441,0.024322571817682773,0.04013952623580656,0.04495239133721034,0.01762212251939469,0.0009327042666349843,0.0,0.0,1.6718101541023479e-06,0.009175267174260468,0.025527905488952035,0.03132554967079917,0.00406526199703747,2.2313829742771007e-05,0.0,0.0,0.0,0.002105264932238702,0.03217301925280062,0.01612429115422174,0.00022358042903871235,0.0,0.0,0.0,0.0,0.0005101922458709364,0.01499667593019897,0.007445289080085633,4.458620964701055e-05,0.0,0.0,12,7,0,0,359,0.4859211484448143,0.052924791086350974,session_01705ccfc6e84812a9f13609d0f678cb,1
0.5460369598414496,0.5355196387999241,0.1563452964690463,0.20982620090161705,1.8546539843901548,4.878720959010116,0.23495792711257332,0.3712152777777778,0.0,0.0,0.0,0.0,1.5007881663952668e-06,5.7252839654663e-05,1.4621540155771707e-05,0.0,0.0,0.004202994408211885,0.004487178306056533,0.0034606986373972755,0.00986708782249783,0.036752682532543476,0.00798450509028712,0.0005316950709896577,0.0,0.012730457910381014,0.03911673593968032,0.018597365757173186,0.029475880788799997,0.07682923937143306,0.014608226233028241,0.0008070376920124725,0.0,0.005659264145433684,0.036807260700218426,0.04576808050025638,0.05061232751560478,0.05663909159105121,0.026864256771363035,0.002896164538212236,0.0,0.0020869425307496635,0.028181904203591752,0.04247291433982587,0.05168751593287239,0.045874056947808176,0.01649690127363719,0.004681210898896032,0.0,0.004468321868599547,0.014316107474977106,0.032903012292851856,0.0436134984869975,0.036840278039879125,0.003033791270857315,0.0003117181599469298,0.0,0.002392241477945279,0.008827323949672658,0.030349993310348194,0.052144245891986164,0.011215003625963647,5.321111310753911e-05,0.0,0.0,1.1263340892352595e-05,0.0012152966511383137,0.03371519129878089,0.04463664967497089,0.003699799453094961,0.0,0.0,6,6,0,2,256,0.5146806252939954,0.0546875,session_05de184384864e618ef35e1edba28aaf,1
0.5176623334421067,0.5927540700180711,0.1883689098113131,0.24689851613900332,1.9726555679705156,5.263871873601971,0.18068839563312292,0.5321373456790124,1.8849868361837082e-05,0.0006872599626671243,0.0010630877413808977,0.000558605225140625,0.0007127959787519293,9.561386175264828e-05,0.003911796027348332,6.481469731448635e-05,0.00043473605398727057,0.004228296428234545,0.008366807444189234,0.007860775223156029,0.0061269187172818575,0.008546417255033046,0.006817239103250748,0.0002312179044197834,0.0004504670196211925,0.023572257461599532,0.04587618388917931,0.04403598254685425,0.03582282004829894,0.03485965415306362,0.026693937962256716,0.00017469753904734636,0.00028739713980635475,0.019164497421086547,0.03483085303568553,0.033836771017159754,0.025791746615352138,0.025834368370443304,0.015394055913309944,0.00024955120451730954,0.00024273835137101992,0.014032752338285234,0.02792227881536199,0.03342030978384386,0.02579924172847016,0.024434507360444745,0.011798185239157363,0.0005419385886883285,0.00022770913885087889,0.00838662222308252,0.024301798049371957,0.02703964883650406,0.026752807251246114,0.02518391145996558,0.015661443342802516,0.00020800157223886516,0.00021892747835759285,0.0053401365178811664,0.017846010532573498,0.021435643401270247,0.027415457122075784,0.03133507964595698,0.02016654238813953,0.00036842038473497505,0.003564272290890389,0.005188275194744773,0.01908755798941729,0.031983938118786644,0.05242251705079755,0.056915169724935974,0.02307477298335502,0.0010829122668452082,32,3,8,2,1281,0.7572540996470319,0.0351288056206089,session_09d4368e78d348fe9b0622e69d6cdd5d,1
0.5220932474368032,0.5693937399871216,0.16075483387563275,0.25236619818494077,1.7274807622562889,5.096676192836757,0.19797223011044401,0.493056037808642,0.0003868358496628844,0.0011708802072876508,0.001846286579475387,0.001104254749803793,0.0023188156843577524,0.0017364184135392846,0.0005983150609125272,0.0002889339849450324,0.001745430417649914,0.011469280337977554,0.02857469786930035,0.01873542533169231,0.015760038084151558,0.02025882680835811,0.009994498949672822,0.003135189558280113,0.00044367578044957447,0.008912117181924507,0.05203212444893622,0.036363156999912966,0.024097204315096682,0.026342162571763906,0.014611534114578098,0.0028779327211861973,0.0001961765114051199,0.0054633527505209695,0.04385693198370231,0.03887620140988564,0.026568963121956543,0.021313566793074237,0.008010944729509263,0.0003031649366274846,1.688702321454049e-05,0.0017230541799357244,0.02956335293038827,0.03555563669776423,0.03295108363384919,0.02924317049685695,0.009426873164392459,0.00038271660890083867,0.0,0.0001852353606027631,0.014552131307751674,0.035692643391073815,0.03628939276771479,0.032865520852319,0.01311560666905825,8.231957839626718e-05,0.0,2.6010861915994757e-05,0.004877479287837699,0.038757088251108025,0.042476082332141146,0.04350861383102932,0.011641962265760235,2.4678166375332897e-05,0.0,2.090374893499686e-05,0.001422638510332682,0.04215385891732728,0.06659732176471592,0.042965116358719406,0.00448328099427885,6.001789707596067e-06,29,0,4,24,979,0.7212834518235945,0.05822267620020429,session_0cd911a71c2a481bae94fd688d8fc5eb,1
0.48389338955864736,0.4752474739993232,0.1500559160885974,0.2522150228212147,1.3662230905369424,5.0383025196633096,0.23080893116719745,0.43157648533950616,0.0,0.0003543002920524925,0.006108899242218402,0.0055546705745327446,0.0029673158341723873,0.005110675668346351,4.9246676867076125e-06,1.2856665774098007e-05,0.0010681932523647925,0.012059460568973779,0.06756416874826898,0.0723773550909967,0.0431396030350136,0.017875296120268003,0.002852091742750594,0.0010256572559988035,0.005324156729453335,0.005718904958772652,0.048604106227314516,0.060145898861508756,0.043041687508954686,0.027870204670502306,0.008614832810158526,0.0006010195769329616,0.001715557235341464,0.001965520234671578,0.03098803148162764,0.042185596410744604,0.03521380346268487,0.03135773613420415,0.007640392098101481,0.0006580012651799599,0.0015058977163593652,0.0012917337679998245,0.024580237741943997,0.02822411098913986,0.02142497032395252,0.033144602557649144,0.004310975298260857,0.0,0.00013041833279118213,0.0006182624800600206,0.01918481122172863,0.025492850892750326,0.026817678427604824,0.02912445843429449,0.002076922783968486,0.0,0.0,0.00016994699875648857,0.01620361439090331,0.030932783276406365,0.026276713531555366,0.020011131062216674,0.0023637616949366666,0.0,0.0,6.881402314226104e-06,0.015576618833478863,0.04388434411371544,0.023771239599266,0.011326000262386294,0.0018281154399888532,0.0,10,10,0,3,458,0.6816498295783134,0.05021834061135371,session_100db0f6cdf54ef4baa19c7e9282a119,1
0.37163325146858417,0.5178910882782144,0.16151244765974754,0.24490813119956034,1.5114891720078516,4.981202634215572,0.24138685211295383,0.40740113811728396,0.0005425033400034859,0.0003763671571334338,0.0006435729877611901,0.00031822643281909395,0.0004474434639402456,0.0004393795439529858,3.0062737852676095e-05,0.0,0.01223282782686961,0.0240776714552472,0.025626679699959996,0.018673068503097447,0.012053159248151745,0.008083878536212816,0.0026799556737005423,0.00015829433296849995,0.013890858604284516,0.08807603557596083,0.06697996036770698,0.056603916044960643,0.029840959233955914,0.020337636468660374,0.0033129525736299045,0.003913374567862023,0.004184896885780722,0.04895669669415089,0.0441552916123046,0.03436662266625506,0.019644278143559592,0.0025594132553023465,0.0007234071835730983,0.004866513255099707,0.0010256723289819533,0.02631119685977354,0.03973876174775042,0.033163044439860546,0.01760795097514167,0.004670078384910915,0.0018672346775318897,0.0013549883867060742,7.394933854065477e-05,0.016685610632915567,0.027411429220031844,0.030603311958809998,0.017161104324556763,0.00247325006204777,0.0026621345493225016,0.00014734350186704036,0.0,0.008219299650353427,0.030576843980469712,0.03084345299774213,0.025594188070544893,0.0009810223623743545,0.00033693583753996535,0.0,0.00011859930514825357,0.008436317641611249,0.04990528294463157,0.054054148959006225,0.01863868927795383,0.0005422535111570648,0.0,0.0,8,12,1,1,551,0.706536206489875,0.039927404718693285,session_10b60786199e448ea464341e68ef74f1,1
0.46488908556858277,0.4726958678993489,0.16428736795176035,0.2490595214130909,1.4401520227541103,5.164717404405206,0.18833574057155003,0.5048818479938272,0.0003659652694305417,0.0058117635236882995,0.012155358965061312,0.004914126167262328,0.0028498564043480264,0.0031562518357024756,0.0003285084773069379,0.0,0.00317656913685185,0.03293964778129806,0.05253718432780741,0.03083401947708062,0.02650072743647595,0.03422521302422304,0.010533378326612547,9.409326696110112e-05,0.0010169932740989518,0.02706707338124042,0.05677265058476596,0.03975993355255335,0.04409455124769853,0.03881317176368615,0.011564004218326766,6.649896854674942e-05,0.00018514034902058387,0.010701087728696093,0.03645340326170436,0.025300511781627805,0.043485455294453634,0.03131715004356044,0.008454413542089513,5.8921113513711106e-05,1.3924073578076614e-05,0.008466391441980444,0.030008136698337212,0.021586121777145775,0.03261411967625598,0.01761070945345501,0.001719825225705378,3.2906318381680047e-06,0.0,0.006348907461340341,0.02464636237761576,0.029965640538598584,0.031805931094996666,0.015977559470366977,0.0012004224945636882,0.0,0.0,0.002117643811329386,0.01953133843573065,0.03251821186088126,0.026238454677168708,0.01203076624186302,0.0007729224097594048,0.0,0.0,0.0001423715369296517,0.01328302088878048,0.0411367621190586,0.028153188727551404,0.006224897650067666,0.00031434935859756354,3.510634081062666e-05,12,8,0,3,549,0.6812843663023559,0.04189435336976321,session_12d1e33fda9f4429962b4c59c9c6bd4a,1
0.4754585293654874,0.40137557981340405,0.2315857329718493,0.24681593903323149,3.047668099481729,5.295841969653375,0.22780409176660643,0.44276716820987655,0.004455642314387979,0.0047358284769407726,0.008718695247522676,0.00874001266691403,0.018236937370599744,0.008430895720901542,0.006653835993485833,0.0029130454706014254,0.036103621045234444,0.051450554145167894,0.03143639903393593,0.02815776843967551,0.03440881437943254,0.038011989755572226,0.032753137531974334,0.002959587545283356,0.04456212598451212,0.05557310459914704,0.035244158430946,0.03752421732103531,0.03534778637130262,0.056881382207683094,0.02792452656726486,0.0007462964215896043,0.0029913625666402785,0.0156900516171719,0.013702690663415616,0.010731137208190888,0.010535272643904432,0.03503410140684913,0.015158207860065795,0.00020301825354312317,0.00028058837801300677,0.007934073438509803,0.013681401973699993,0.008689764464062982,0.010823632399202292,0.03005197341987861,0.007037707555746704,1.0112845856814457e-05,2.294064607007484e-05,0.0026204480881334515,0.009718387409047234,0.010394741435073159,0.017013412305465977,0.024745315015866683,0.003153283019052228,0.0,0.0,0.0009266756906578133,0.004067705503011373,0.0151011650889047,0.021657880413586666,0.01793600838217019,0.0028815721108396636,0.0,0.0013681071582429102,0.0017523091117746708,0.0019352884164964075,0.009511131528333997,0.03629159931353313,0.022208973053431596,0.002167596574445844,0.0,6,8,0,4,510,0.7888336558350574,0.03529411764705882,session_147ca42112b547ee9cc1b1a63507c519,1
0.4803043984546614,0.6186381055658287,0.15504869549047468,0.22829501346706,1.4585243042681315,4.819745862273261,0.24981504447069935,0.3736328125,0.0,0.0,0.0,0.0,0.0,0.0,0.0,0.0,0.0,0.00710973051146087,0.007006123278132314,0.0030256361019239727,0.0007431319453086201,0.002102455001135848,0.0028883537710183184,0.00030841829783396195,0.0,0.028178448187504482,0.04015596074840515,0.015558609234401189,0.024312198148998546,0.04302651560977423,0.017377380379275813,0.0005960849348037339,0.0,0.011286747315046154,0.0453930839067931,0.02667209185489895,0.04041984057093628,0.04629924892034712,0.013956885904415817,9.4364435339411e-05,0.0,0.0075318228642074075,0.04834087724645484,0.02768430870511298,0.02704195484545719,0.017638087710966692,0.0019519196240793373,0.00016304680197198185,0.0,0.002989557602195166,0.03771746892528055,0.047408137471966205,0.02839463077761912,0.019911994554742216,0.0023847654847389526,0.00039116400048567953,0.0,0.0027560293154084764,0.03674556056258233,0.06187606907619497,0.0507376185407726,0.014526766888902625,0.00017918393070488943,0.0,0.0,0.0005210026515843248,0.015853747018631133,0.07486012645823163,0.08152514516926673,0.014315336168185084,4.236854650299562e-05,0.0,5,10,0,7,346,0.6424235445078713,0.06358381502890173,session_1860988281f14c67bc06d7e91ac4da30,1
0.4143906955422686,0.517903593279304,0.1912527418399647,0.26907005428177955,1.6002174823043207,5.295370587683415,0.17731314468587922,0.5751499807098766,0.001912690475395928,0.0019266967914755991,0.0019394982631613198,0.0009023729648137084,0.000976605647375179,0.00027032903428471914,0.0002061314372675968,3.718371744750227e-05,0.014152022985260393,0.027594630420719773,0.027670305745910843,0.023021160000402673,0.025909504930231187,0.023212421121334408,0.011530535235476137,0.0016763982952403018,0.01810619546047924,0.05446686943458,0.050656715497477474,0.04401395653698234,0.03979992607645515,0.03918635906883601,0.01521789016369,0.0038173909300740815,0.005412200650663532,0.031184202714435155,0.03299164369073325,0.022412959306301328,0.017525389123124555,0.01532680968222467,0.0036604203147227944,0.0005408324539422468,0.0017641379175865825,0.022303247126981167,0.02563709119808062,0.017980947129763405,0.013996709030950788,0.009398111263733541,0.0017684103592203928,0.0002965185466374259,0.0010963132792004145,0.015921685748521867,0.025359152620255163,0.018506235505702125,0.014355435596033748,0.008091156307396073,0.0008183033619042629,9.472296386647882e-05,0.0004448491594268333,0.010806724965810558,0.031527369348298875,0.024226939734079744,0.0194044628546077,0.008117488498690168,0.0015361607490707837,2.0609180422832215e-07,0.0008102578549315034,0.014465306307511009,0.048807826288705926,0.0475850281279643,0.037341433163991924,0.016831121320934322,0.0034483994078189804,0.0,21,1,3,10,1547,0.8694566415398178,0.02262443438914027,session_19f2d53c700f480ebc267c3ea89cbc33,1
0.5434865478993227,0.4642522239066028,0.17436221867345297,0.2108411624645344,2.2429770433149177,5.005096856888692,0.24584142482573637,0.4240354938271605,0.0,3.162529601277068e-07,0.00039707621663338767,0.0002875289412708903,6.1614326710098e-05,0.00010976727742171667,0.00015779647697502448,0.0,0.0024545217243233395,0.0030096419202483736,0.029254045067861834,0.031267366412549624,0.02074964546668157,0.015689584354509557,0.02455161105307946,0.001169324694879144,0.00329689585894524,0.010294487606403996,0.06803149802482152,0.07927588577229083,0.05814134670300514,0.03992087240936575,0.04513580122109943,0.002402463737060579,0.000174695385148805,0.006324770449851411,0.03376133725611672,0.042706332231269684,0.03842458340410066,0.03945031550495313,0.033134523889143605,0.0012579167741010055,1.868642490493711e-05,0.0013468663566690985,0.018870511627988838,0.030248220623345035,0.03614886835340779,0.03274514774458289,0.02721685349974876,0.00020084812993849621,0.0,0.00025991868283887137,0.013239847674974237,0.021253340181264097,0.024648054455789707,0.020909394461932164,0.01708329739966366,0.0005202498695387788,0.0,0.0,0.005424247020952116,0.017308304505730173,0.01653573977452429,0.01719277592438265,0.006385092264463595,0.00038541610749476615,2.9604027093693598e-05,2.6400247106312913e-06,0.0007833860824937322,0.013713333356800219,0.03427825959450981,0.011521136587838461,0.0008363928286368761,0.0,16,0,0,4,484,0.708726548566989,0.04132231404958678,session_248e91193f904874ab3382373192600f,1
0.30729082321920553,0.6501754623584897,0.16646181908693464,0.21856267632161017,1.8424715590747207,4.8483046469766355,0.2881033406638648,0.3480198688271605,9.461685147222818e-05,0.0007551495881651419,0.0004585221440907387,0.0008428616078131064,0.0005714633569427435,0.0005451571280054313,0.0014019021690378371,3.3196306847421392e-06,0.0015826081096010447,0.012639058591688141,0.011545159134537757,0.0053663084101559805,0.003596723946476104,0.00243336306148676,0.0028506480155159244,6.786800511028374e-06,0.0052262495030881715,0.031211064420546514,0.019585407930382298,0.008637516748643348,0.004426956203773036,0.002217321496523742,0.0,0.0,0.015004125784554139,0.07023400179974146,0.03262779427330953,0.016137713270779886,0.022792407234469677,0.008008100016902085,0.0,0.0,0.015578613693898536,0.07435755851284322,0.026094893870964392,0.009455857351131827,0.031373918124982886,0.006657290652580967,6.5787703214512e-05,4.057326392462615e-06,0.014021146254016606,0.06663912209253466,0.015111844111795484,0.02097574303072308,0.032371223706164354,0.0018098331414931055,0.003971193041629172,0.00034237933186722703,0.011502195736520116,0.06860713194767719,0.030812531691407602,0.05696530516759974,0.038486367029227385,0.0032095074694936266,0.0005783386809386983,2.587836542683428e-05,0.010175110666159289,0.09037347822227845,0.05596013575017398,0.024549480378946612,0.008743007234847376,0.0003787624841720009,0.0,0.0,1,12,0,14,294,0.7451011267408493,0.09183673469387756,session_33255b3cd8fd41c38307da1ffa18cd58,1
0.47641580962332425,0.574051551329404,0.16949662101485727,0.22912972183992467,1.8010187488945775,5.064891180063629,0.19211951632833354,0.4671875,1.3200904807405914e-05,1.1254364203319861e-05,3.4276900282104124e-05,0.00019583977042124642,6.0431686977615695e-05,0.00017328163743074662,0.00032609989622665967,4.8120064679690714e-06,0.0017974770936635025,0.0035926716955526706,0.007204364155891461,0.005721119977411434,0.010951306605005531,0.01852220336855472,0.01061763792653151,0.0018268728210602335,0.0010259948739384734,0.023806300278056903,0.04203228364270352,0.03299439680876426,0.025893762517145365,0.03650700343571333,0.018514931013810517,0.002118992244507949,6.814868297655583e-05,0.021675609028090893,0.05409395826996372,0.03960193382979275,0.021369191918074078,0.028460982789182025,0.016845737862598027,0.0002885326506594761,5.3238379567592113e-05,0.011073079023303787,0.04455419991134051,0.04049442763722459,0.026995959021229584,0.026734549487109276,0.010498958235182893,0.00025148909368120903,7.425508954165827e-05,0.0038551187259340393,0.03984963853235028,0.03713875961136536,0.033766827596499405,0.03343282296685514,0.0032700992866136185,3.0630841993232284e-07,7.124140992619509e-06,0.000871002813452718,0.03708787288998951,0.03332259145934659,0.032652121851781825,0.01786557692538754,0.0003942386982864435,0.0,0.0,0.0006906365586964399,0.03871086287437608,0.058455800050716766,0.0370252871631556,0.0042342396215593065,0.0002508468340910284,3.745855548269148e-05,26,0,3,12,1008,0.7560275209128631,0.040674603174603176,session_361139da56094c289aaca4d036fafd9f,1
0.33294561503521297,0.379470542599832,0.14052530879054928,0.18947880735915323,1.7549798903022142,4.695548984530211,0.28337686813763685,0.35246286651234565,0.0037358286412105114,0.010205876881407155,0.008932223319888183,0.008808409015970155,0.004124101184404732,0.002189793967768149,0.0006617540540963905,5.31039601287907e-05,0.0232280372338766,0.06953198477928133,0.0661101582231327,0.05976578849218283,0.027344720434577332,0.006203389202962896,0.0031804508036861034,0.0001267141788738672,0.013961888134475487,0.07737463186799458,0.09052657457060814,0.05876074879431873,0.025377194114651995,0.002394947175023377,0.0006640066355353007,0.0,0.004129758529742684,0.04129374037393629,0.0679542715611205,0.04228161384773145,0.022613911036755786,0.0032327521198539035,0.0007010059329629174,0.00048044714000479774,0.0022051348241193475,0.025222257938440056,0.05510348864019297,0.029848257570000588,0.01319964823481116,0.0004787253392497687,0.001227449750280634,0.0009940227622059815,0.0002740381833267288,0.013722596667137465,0.0441119786714197,0.020459485186752596,0.004629935176143454,4.1970511637625414e-05,0.00011343171590650027,0.0,5.307806838811356e-07,0.0022294601144855096,0.015798350463093202,0.01031836354877894,0.001161904808756483,0.0,0.0,0.0,0.0,0.00189790342924454,0.008170255283500967,0.0027753356831814115,6.564850848685949e-05,0.0,0.0,0.0,9,0,1,1,450,0.7302351297370969,0.024444444444444446,session_38e43a19a2284b5884d01266ffe5bcd2,1
0.5631606009257815,0.5382188741881657,0.22840071828255415,0.21849448102509483,3.540126061979768,5.393223786354621,0.1611689675867576,0.596947337962963,0.0001382547983418256,0.00023189368161145296,7.91686190161246e-08,8.726141118221733e-06,0.00010512712954018945,7.558843813395096e-05,5.302538171435545e-05,1.286050233350824e-05,0.0026842208242549284,0.007912102987958268,0.00763204839644534,0.007266271783564396,0.010035440536023626,0.003417797248058339,0.004678830197800067,0.00365225071501798,0.014691109514504865,0.039060433163006156,0.04725401577761964,0.03663593818820346,0.032647977342504214,0.029302768921570438,0.03080020816420754,0.02081352670098462,0.0010475679633345847,0.01588222777714213,0.028692132566585843,0.017588944865891746,0.024819977817480743,0.03467440370438061,0.04176349611858692,0.027413805671845703,0.0006807181758403114,0.007302750923904381,0.01704459903456332,0.015172929729837,0.03490935857259402,0.04476703916938678,0.04313743231555887,0.010255388552676869,0.0020837884246101917,0.0039055287202770105,0.015315987424399137,0.0174026962913997,0.036252814851244756,0.03349758857224559,0.023097013568806373,0.004007735407426828,0.0008898552777412404,0.001556068003275153,0.007319631432781264,0.015013642468376557,0.02786987849297115,0.031317654258096926,0.013922179904054144,0.0024561800154355934,0.0058694558556967895,0.007074974010481767,0.009532341555202602,0.018182208107258912,0.019424601245478956,0.01695506812296931,0.014493821315916682,0.008296018011107128,4,9,20,0,427,0.6102119419196258,0.07728337236533958,session_40e6d5311a604fc19b6b2a0fc08e66e2,1
0.45312399916315943,0.5474518759514673,0.18331113049276387,0.23372522880771607,2.1112629233948943,5.163149794244175,0.22187856726399335,0.4660508294753086,0.0,0.0,6.233534008603167e-06,5.820248420486987e-05,1.4853164368484836e-05,6.77240361520769e-05,0.0,0.0,0.00037585013387770124,0.006921460428424399,0.012925209933380762,0.00951891468281878,0.0057355933752968906,0.008558573693438428,0.004037857279539853,9.514701909834945e-05,0.008115250691445627,0.05294186100422484,0.07218177788906806,0.03878547102050019,0.05028595309758861,0.04336961878046433,0.007123205445761444,0.0004840122239830243,0.0036738006266711022,0.032546593982746785,0.04554641223983858,0.028179866408972826,0.046037445752127995,0.02179762950575051,0.00662144020825575,0.0012624048040316763,0.001461912142493838,0.017693715032485787,0.03107921322708423,0.030432124446729616,0.025089300797619493,0.009809310600479642,0.010258638801901978,0.0025827609242312457,0.001886956961432109,0.01265591213082594,0.023853679639712695,0.030391743476421137,0.02619462282798016,0.0094315310394088,0.010380660800956832,0.0014990165115926664,0.0018410388775811897,0.007744401084849552,0.020886083615917355,0.031387510575744154,0.03373099969456825,0.010503596138327966,0.008976585807341352,0.0001608388774967059,0.00015808744581891586,0.002150569232968093,0.020715335017689022,0.03446405644394261,0.046263645402883406,0.022667504334903443,0.0063798850570579,3.995855133719979e-07,13,10,0,0,566,0.7077163416368527,0.04063604240282685,session_46a435b86f514519b515bce0473889f1,1
0.48460346975558877,0.4606728367846436,0.16535324931930426,0.19097686133727929,3.669090313965259,4.814141146875601,0.24569840547719082,0.37843219521604937,0.0,0.0002515151743685874,0.0028362949681578395,0.004863274842886469,0.0004530150423675165,0.0,4.822824261397839e-05,2.384999553177864e-05,3.709000247637583e-06,0.011962155204733834,0.0497869893059295,0.04722813879568964,0.010830010977629187,0.0041144164534937504,0.0034215976860244297,0.00022613662115899446,9.764786106507674e-05,0.04366870117318937,0.0798795581969282,0.05558381951114635,0.029547233460649074,0.03539831622403364,0.009854161773081049,0.00037702549486970523,3.6303244848089072e-06,0.021572455831230058,0.0562721987177132,0.04480926370691669,0.04124880329949965,0.04032694814704136,0.005106911201577498,0.0002509532046340968,0.0,0.002334860613466618,0.02249144493804244,0.04803566682536317,0.06301093515551495,0.035888668535560705,0.005023919511187935,1.3150091787078705e-06,0.0,1.126187347919048e-05,0.0051145202717825,0.018824940841727034,0.052526063510020475,0.04173285031060573,0.019102891072406057,0.0,0.0,0.0,0.003966697089085567,0.011068353581421317,0.027991229181002282,0.018273120280641392,0.009209481333068188,0.0,0.00013656988487589173,0.00015436184666986233,0.0005407160391321105,0.0030133266739170504,0.00780644521514972,0.0021984256013270038,0.001494974366481122,0.0,14,0,0,6,428,0.6030299981401699,0.04672897196261682,session_47c95126f430432393edf60214943044,1
0.5312341533691549,0.6134059705945142,0.17832735836677713,0.21030909733986178,2.4124094947738146,5.014833689397131,0.23388184905298331,0.44546248070987654,0.0,0.0,0.0,0.0,0.0,0.0,0.0,0.0,8.091799071083012e-05,0.0013652461389822013,0.0028761469532136096,0.003465859300471591,0.0021642038611713607,0.006190438296576939,0.00020239238548986978,2.1017362266486678e-05,0.0014739198829151856,0.023454344903028366,0.02890200165507717,0.02153875099660573,0.014625734868519095,0.03318846633167543,0.010930644217220604,0.0019610207461305705,0.0009355247375270664,0.025847493618812525,0.032397794079998085,0.01962262993714915,0.030949166082863782,0.054048908891774425,0.025773440077391567,0.002775036709332905,0.00010229060828280267,0.02287139386642318,0.032741394719494304,0.027542737557045407,0.031333506484005236,0.05014025250263611,0.019778632855651703,0.003089059479685287,9.8554697650919e-07,0.01126107749071672,0.025402324341493036,0.031604852778305055,0.04932586982427972,0.044573092449761285,0.009847745827159722,0.002131302635943943,0.0,0.0014663334631657777,0.012815468430248738,0.024854658178616592,0.05149363769835451,0.04867164998945465,0.004784223198978222,0.00031786181962134184,0.0,3.1594802491114375e-05,0.0036003979226136595,0.02843196450637367,0.06327713530556105,0.0516060702726165,0.0020766620779905038,3.472334114910285e-05,8,8,0,4,343,0.6564971147681126,0.05830903790087463,session_491449cba73f401dac98e6cf2d260687,1
0.6144891791629884,0.5210423792597548,0.1804095220621422,0.2182081103112418,2.2381539593150617,5.009084326399232,0.23212512020149711,0.43473958333333335,0.0,2.6087090331140277e-06,4.793640438485904e-05,0.0001291145863224791,5.135964704012681e-05,0.0001395494224549352,0.0003895231867672541,2.3357301975814207e-05,4.328035408525045e-05,0.001774406459806387,0.012506998660004133,0.013642524572553119,0.007223724449703837,0.007124439405489961,0.019995347472007947,0.01000694180775875,0.0004592098403058402,0.007183405035407226,0.049862853451730416,0.0639277687434258,0.027442166076493028,0.027109109882721028,0.06605592495389134,0.024571573476645462,7.771091043791154e-06,0.0013659508699296135,0.01773094400242053,0.05006900750861309,0.039888900255668894,0.02028529942707246,0.03612070261141901,0.006535465553406141,1.5531174876472123e-05,0.003797961143091829,0.004845847640781515,0.025694099872873317,0.044576882474708125,0.02852781831550176,0.04544743179420161,0.0036874267291233435,0.0,0.0008795642253927247,0.0026708557470421367,0.016498026285968623,0.030998067640060762,0.04925779806421462,0.053309882690207304,0.0027572183254126544,0.0,0.0,0.002123467138532598,0.012319072544719933,0.018659017007175843,0.03584439959813113,0.024596504809810033,0.0005496010579426857,0.0,0.0,0.001445433941356265,0.011646906191065327,0.030121376296767796,0.033179344651344055,0.00475727261297785,7.602680713805312e-05,10,1,2,4,436,0.7119118855827716,0.0389908256880734,session_4992ab81e99f4a0895d84fc830afd3f7,1
0.4354623412200525,0.3585193902213085,0.16276202406804238,0.258962597976659,1.6984056622041457,4.88379078187869,0.26258408218447077,0.357992862654321,0.0015620781825556056,0.028260004127381406,0.03408898773254485,0.04037475328712736,0.025159717814418836,0.016338961628386457,0.013388293633586922,4.097098503125062e-06,0.008759166107447359,0.09025355784760176,0.07081989146073527,0.06474050982096778,0.05926265943316999,0.0242657487345087,0.009549727983832967,1.512660643001608e-05,0.0015683425867886447,0.02957693924950003,0.027920598112252958,0.03783970327743832,0.035813064596131636,0.004998786754128042,0.0012094456646507656,1.459220227743455e-05,0.0004793456803058383,0.00945050694617033,0.009557491688605195,0.02862825312218946,0.03465716325865758,0.0038574924634912156,0.0009067205567731228,9.738031224818987e-06,0.00029782640314564534,0.005789690055388912,0.006114919515914155,0.02359375035719722,0.04478866438537451,0.003002134083605095,0.00013967246310110038,0.0,0.00012825699661956716,0.004338085086819744,0.00463625291484065,0.01877093101486644,0.05217274922999042,0.001985786452753789,0.0,0.0,3.3400259536345613e-06,0.002892492164967118,0.004362830967996227,0.019253304985370243,0.0498367499225782,0.0016262512145447708,0.0,0.0,0.0,0.0002217925678811288,0.0035344006195762987,0.012187725015692926,0.025443827844314888,0.0015471000217235288,0.0,0.0,4,0,0,11,297,0.7220702139861397,0.050505050505050504,session_4cd44ea62cc4449e879b4a7ce3bade08,1
0.428912982838936,0.5248522591877455,0.15312393936956806,0.2393162466789383,1.297272646078917,5.0764713623494435,0.18591482919857533,0.46573398919753084,0.0,0.0006912735176548619,0.0010013194070190988,0.0015055789150583369,0.0032203906846571878,0.002974067813265794,0.0005118570389360873,0.0,0.0001751781484498867,0.02272217903330775,0.028170543339966936,0.020725842190695565,0.03151031057586573,0.027179320042824164,0.004378019341833024,2.1450763238607362e-05,0.0003232143259856943,0.04436998761343352,0.04529977362966986,0.026370807647054583,0.0398325311707213,0.023023590944198466,0.007463384967640117,0.0003061962269366007,4.884259205063402e-05,0.028215924937431188,0.047589989630249456,0.030793403488680694,0.03711250406169462,0.011401182455278236,0.0012046759739597359,1.7036607041534147e-05,1.0595825672219771e-05,0.019932145442874652,0.049963945042626356,0.03834174939561919,0.04299025379297476,0.011741859072131596,1.277976878020568e-05,0.0,0.0,0.009359352967247155,0.03852975358283039,0.0351291598297757,0.036291369215080575,0.006271220396570199,0.0,0.0,0.0,0.0073718536910253344,0.03339050051191719,0.038283736093314265,0.03482595264361825,0.005779731403314946,0.0005128102005467761,0.0,0.0,0.0061594136142367846,0.03133566915919662,0.03309524250851296,0.024495957266822223,0.005219938663957812,0.002794632826554579,0.0,12,6,0,1,395,0.6303493438933139,0.04810126582278481,session_4e1eb97dfcdc4a4b83fb4b9c9e392306,1
0.43132371095766336,0.5933892500518939,0.20798645120357398,0.07297263544223222,26.31311093941592,4.055979003148242,0.4559389010147721,0.19185667438271606,0.0,0.0,0.0,0.0,0.0,0.0,0.0,0.0,0.0,0.0,4.725764934867145e-06,0.0,0.0,0.0,0.0,0.0,0.000585243025683888,0.0029661478421190673,0.006773030746900704,0.00188661128499778,0.00020765440738800312,0.0,0.0,0.0,0.002526995395171686,0.0125606965433822,0.02890993143129887,0.014235550597798524,0.0068111590776252,0.0010681302790284944,0.0008880141927609444,0.00010394534781737325,0.024500921631566048,0.10017298447736585,0.13969116266920656,0.12188050645593192,0.10226553170977531,0.048891754420899394,0.043106472987635036,0.012135957679486163,0.016783876377426225,0.05165581136980378,0.05948850898034962,0.058660318675514155,0.055755068758805766,0.03948249866658246,0.03049250418498706,0.008970554403113335,3.47773337706814e-05,0.00014630538623354602,0.00015981677779732526,0.00020793365713415437,0.00017536884058297895,0.00011505089541431103,7.51396624643876e-05,3.329516204110943e-06,0.0,1.739940726019267e-06,0.0009882648516292398,0.002598912945180482,0.0011150871978813108,0.0007279611267168758,0.0001880424829083045,0.0,23,0,7,12,481,0.37990739690172876,0.08731808731808732,session_4ea379d31391499cbc7a510267860239,1
0.5008570299093593,0.4344496693057129,0.1737022506945499,0.22370087101415825,1.908663158247838,5.157264469628317,0.21815636845123573,0.49290943287037037,0.0062442503006438456,0.0037250140940292917,0.005200244040842828,0.004572934749352763,0.001803923310329784,0.0033560434703674416,0.00316330091863877,0.002315821988002838,0.0030180538100179864,0.015098541348783846,0.038048327411478476,0.036429034981342555,0.04236541321396915,0.027302249996978202,0.018346010898793685,0.010411882570784674,0.0015868457439966903,0.024868146184689348,0.05974245081465879,0.07213992601272111,0.06182270303463656,0.029909801023508226,0.023222460704472973,0.005000584482075194,0.0009946033691787563,0.005293598537875222,0.026924776173081224,0.03939142144153318,0.0413573472810179,0.029855288181386934,0.016742108558339523,0.0006575172365992677,7.739217309632421e-05,0.003839460944891673,0.01637890043401057,0.028312745415710917,0.03524329533202618,0.02777719438885964,0.006752625220014031,2.4826935279181446e-05,1.253895760764158e-05,0.003055781114012796,0.011876360537135615,0.031216472845235852,0.030067125286654225,0.020739235099090293,0.0014753303387879772,0.0,8.031357955254815e-07,0.0007420472790783246,0.010152319120868282,0.03277613244255401,0.022159871890202985,0.00923984642597945,6.615831115641154e-05,0.0,0.0,8.924846527776913e-06,0.007177524212636788,0.017769148574460065,0.019397667027047084,0.0027189459613694094,0.0,3.069986578396153e-05,18,1,0,7,582,0.6653914810410739,0.044673539518900345,session_51faeb57d0ec41a18aa81cf2a7174e76,1
0.6657838298423396,0.5120507608347873,0.18664209207317708,0.22909555442513482,2.9409471541970342,4.947029389343157,0.24857124694441077,0.404384162808642,0.0,0.0,0.0,0.0,6.162416139555452e-05,8.62460360275551e-05,0.0006834654454846754,0.0012335114551812753,0.0,0.0033697369787695384,0.018482510236245638,0.010952246138155534,0.014933194754234576,0.01769194241510438,0.02929026265301394,0.01278413028473211,0.0,0.007329440196252459,0.06402793443383757,0.05183622979628942,0.030996619702849268,0.040266713816908155,0.05877220632213874,0.011170619378401877,0.0,0.00034458119018001274,0.014387595132733372,0.028545728844658134,0.023410775752316725,0.03648831207809247,0.04305722536344881,0.010794413252182116,0.0,0.0,0.0011945499786191255,0.01659618562420169,0.01859453142884337,0.03176608107502551,0.053047606575235495,0.013910733893740354,0.0,0.0,5.638576030285461e-05,0.007151681933178428,0.014977978220340072,0.0251749497436553,0.0761997136942851,0.013410973755541051,0.0,0.0,3.49875171125155e-05,0.001964914523397555,0.014453248833431003,0.030559386898647706,0.05937608141892584,0.0074440041670994364,0.0,0.0,0.0,0.0011162796514170605,0.0066718749620059605,0.02987995099246511,0.04288899904506866,0.0025316344888268866,4,8,0,1,291,0.7090324883970012,0.044673539518900345,session_554f767672234d57b345f7a352e63fe3,1
0.45504024358671163,0.562771988420094,0.17350621538267436,0.2416734397130022,1.9099147744714202,5.107643814056628,0.2017025532523961,0.4702806712962963,0.0002192584670162716,6.781884828696343e-05,0.00032945865779430246,0.0007122284115319491,0.00034829481001255467,7.064644619501514e-05,9.954232173998978e-05,1.2289175523455529e-05,0.008964094389611823,0.013071506612354022,0.010854702478571185,0.016892222157972914,0.012200747836569496,0.0169662943477873,0.008108115250585152,0.0016039875394720433,0.005859685521738415,0.05399537463709276,0.04446279168806714,0.02969363879322515,0.023722197901859275,0.033210137430067385,0.003829600728276117,0.0002864139173324998,0.003126279250154531,0.03731674487494345,0.03598883964506294,0.03183326037949474,0.027259240125041165,0.021890077588090306,0.009760944106230504,0.00030167207065940965,0.0006340453293743192,0.018692205733979218,0.03531219546566617,0.02931205445553357,0.03443349766498596,0.022258415717120318,0.0018632238907575385,1.0016221820444727e-05,0.0003846729446372969,0.007318454157878864,0.02539350402229609,0.02725932712805372,0.03636305047744045,0.03323223619525647,0.00013664910659488382,0.0,2.1892133034261927e-05,0.0011277656748732874,0.019869965514942176,0.03133926814958154,0.04774889547228601,0.026109451812614783,1.5443034728590132e-06,0.0,0.00046503110210881275,0.0003667938255571545,0.016357197132263253,0.05201132531264886,0.06311038662735856,0.0158088280195029,0.0,0.0,10,7,0,0,389,0.6736827114782108,0.043701799485861184,session_59b4e2a3797b48bf9932c30a39238146,1
0.6356673296400973,0.49551473475533875,0.15681714930999427,0.2494030877097706,1.7096356258076613,4.905643083603072,0.2628000375920709,0.40401186342592593,0.0,0.0,1.6801009699998912e-05,0.001407532840436411,0.0018381660747110915,0.0027755870751203582,0.0004952003433011338,9.673765226367085e-06,0.0,0.0,0.008900120167150007,0.02986922681708156,0.03591090004154144,0.04816805783296298,0.00873378263703495,0.006224389855511166,0.0,0.0,0.016567392790233185,0.09370718709072495,0.06786406985639838,0.048053826035173115,0.019942436877815477,0.035989465480622866,0.0,0.00010425666916080042,0.0011897375093119409,0.04648194466307941,0.041996466845603195,0.03212863865607352,0.02273613589343754,0.018878066544022812,0.0,0.0004856621916059775,0.000142273662410215,0.017835816283987633,0.031752567265855965,0.03900957882068635,0.03270440850508398,0.008401469212888065,0.0,0.0,4.94235980412524e-05,0.007186703472982673,0.020669656904848076,0.03082096257911863,0.017233119614946776,0.0038103183182584075,0.0,0.0,0.00029711417871262647,0.0006486093834407651,0.014314279446357457,0.021343595882284985,0.022446962640385808,0.0029013610912332647,0.0,0.0,0.0017381887658684972,0.010140757955176383,0.025821494410183526,0.05696710071485057,0.03659906337158534,0.006690448357772123,3,0,1,1,138,0.5711380137430314,0.036231884057971016,session_5e0e9408fd8f462f90b9ba6ea9760167,1
0.39792755100243726,0.49641578642795264,0.20127275977645384,0.24402937937867858,2.174489777750575,5.394071829397878,0.16148350184837965,0.5783222415123457,0.00034190914062591694,0.01036633837568916,0.0068110828164780314,0.002230790225484988,0.00588356557051159,0.003432514687109834,0.006426037403535135,0.0004133863633326794,0.0059177966845038125,0.03223053827679558,0.029732593301567873,0.01867081362149447,0.008951309591796719,0.02414739860006891,0.012837559136827461,2.937216597596633e-05,0.018894910750956447,0.05722202179061655,0.0340967064014132,0.024932057530888337,0.015472577132981393,0.03391629610852184,0.01474743157624597,0.0006340752378911673,0.018318085456328757,0.04376687812616173,0.03300994499941758,0.023702621335163584,0.020688116003293983,0.029585714993457767,0.005443848253270673,7.685177851611065e-05,0.01229513973849474,0.025520881630599332,0.03257236002627013,0.03003593672709354,0.03018676511524564,0.01769048590275422,0.004900170422358201,0.000809486756924073,0.005159320142635293,0.018788800414961154,0.02311265241136962,0.030541345972820426,0.027184590674834558,0.005726925670793285,0.005951940407344663,0.0012334299713424315,0.0025321935674502078,0.013982094828994786,0.023158759982833232,0.031198518692019086,0.018387465291402606,0.0013127199629818073,0.0001428495760318791,2.4294740081281287e-05,0.0005771224245423507,0.01787736314084707,0.03402291331319509,0.03668750447497315,0.00537909141010438,2.2940177235022798e-05,0.0,5.279299454353246e-05,12,9,1,0,473,0.6937261597079175,0.046511627906976744,session_60f09c2ac1054c7aa9550238b11bf6e2,1
0.5904749521042283,0.5053667673120487,0.18347278521534965,0.26613321188396927,1.695298974748748,5.209532384470382,0.21431401835622907,0.49954475308641977,0.0,0.0011844935440201974,0.0012295021919051915,0.0009465435693979457,0.0005635976503953595,0.000880913938155713,0.0012782136789069652,0.0005210788426061309,0.0,0.014697440962566222,0.049496308008712186,0.04683158324707474,0.028594589860505008,0.02656608308538942,0.040414669461118484,0.011126861300446248,0.0,0.006021220736890734,0.036310348949067754,0.04338528278289725,0.034982647038171874,0.02966602976769824,0.04969670821539445,0.013549869406290925,0.0,0.0008957040139382526,0.009385537363726874,0.028140481332269596,0.02423253897751567,0.017370507752558714,0.026204939227738214,0.00629466689339108,5.46275173147896e-05,0.0008293295587357482,0.005463326309962598,0.019854282853219277,0.019624483380790855,0.01992939302944154,0.020665151418082575,0.0035281459770690623,4.273161463502046e-05,0.0015879221219302572,0.0036373371696449036,0.016641654946063626,0.022504143056678156,0.015353652152250232,0.01819433625433074,0.003554565946974131,0.0,0.0005452749809726739,0.00565457582227581,0.03206722517184924,0.04954883937859592,0.03776529871340492,0.024057005250764193,0.0025202821150561703,0.0,7.235432756925775e-06,0.0040454368578200966,0.013654059637990656,0.03534895146183353,0.04447988671525494,0.025587575927753525,0.0027849074277984413,3,9,0,0,310,0.7304082869698868,0.03870967741935484,session_614853a387114f23818f0bd826f9529d,1
0.2839728535886908,0.581784672565411,0.1638022073914442,0.215828214327023,1.8726955614981784,4.890162771582584,0.23598308397897472,0.3851957947530864,0.002039713936502522,8.232081828649118e-05,3.0421129919890596e-05,0.0,0.0,0.0,0.0,0.0,0.002250063350042481,0.0062245213526660025,0.0046371446865575445,0.0011296551249321129,0.00020648678450049633,2.2719281713931375e-05,0.0,0.0,0.03077548516698362,0.06326929012451349,0.03975184879179129,0.02845096671597137,0.010087747343889477,0.0008076055025327785,0.0015252351583190395,0.00033383649343793754,0.025048130991442416,0.07730489015040012,0.05156996030586825,0.048256573705944064,0.019444778913004453,0.005749207291955377,0.00570346440017895,0.00220343088309333,0.01730494094982446,0.06582875006061693,0.04332748449362203,0.04017322650518724,0.019138671414095264,0.006439646380291116,0.0021062330905366653,0.002108421913659028,0.016015033539500574,0.047333815038289366,0.027543061612713873,0.017399739230402066,0.007662203586090551,0.0035454252607675495,0.0022207893038979462,0.0001592456608542176,0.017273372736129215,0.038228779046721645,0.03523600236200936,0.012174702404038278,0.005248879781980107,0.0009287515951341128,4.608233493443989e-05,0.0,0.03414897661574914,0.0466367626608406,0.04630573535215864,0.017392025677259622,0.0009360086557537096,0.00023173433249480338,0.0,0.0,6,9,0,2,485,0.750562851782364,0.03505154639175258,session_62b4f37f9566455c8e40f66aa8057533,1
0.46822511479334816,0.6488698039932506,0.17670573720231084,0.18789007026518442,2.803260941837678,4.9031397802372805,0.22830364035005143,0.4046995563271605,0.0,7.718653639331388e-06,2.594969392336017e-06,0.0,0.0,0.0,0.0,0.0,0.00047695537431136,0.0014797067596247276,0.0005267014896835888,0.0011816717643091995,0.0010819697275287659,0.000449227850293676,0.0006011274203403749,0.0,0.0044574948706565115,0.005318295908997626,0.006748532613823777,0.006138946697506682,0.006226192881203903,0.013960780736846527,0.021192684372713357,1.6861779838711056e-05,0.003696583590285914,0.00981379879943465,0.029454846069452312,0.03317969826248027,0.03029971289148219,0.032604642002715664,0.01912781753632833,0.00015664781191352656,0.002253526632419328,0.04022303044169637,0.07258055406130101,0.064066161339627,0.04801128447285709,0.025348345654560876,0.0058712673228700114,4.4854322007101716e-05,0.0015225734455015295,0.03818379306896926,0.06056184841767876,0.05011135455359432,0.03645514592644741,0.019794536948968603,0.0014244283903564975,0.0,0.0009840786481114944,0.008856553239082205,0.03101044740198566,0.03491100662893213,0.037784344461316656,0.024023409494948838,0.005768926147005458,0.0,7.095860985170744e-05,0.0011713802261234243,0.017101124356068007,0.0388988782941135,0.06144295647181778,0.03527468882866229,0.008047331358322373,0.0,12,0,0,4,385,0.62944737930815,0.04155844155844156,session_62e6f7cd43424d3bbcccdb6b8c6742c6,1
0.7062042176071508,0.43199026903853316,0.22491909005246205,0.250585652504913,3.4042107280352036,5.083036662471573,0.25630055979822475,0.36280815972222225,0.016797958040845707,0.00825861133147421,0.0044616466075136614,0.004073119726365592,0.005739016172820066,0.03385824667806533,0.012977244763954166,0.0019686315066402608,0.015052099342237259,0.009517020918227875,0.006147030469698769,0.008946694769814965,0.016422561569442065,0.0708854886001047,0.0348892059218148,0.018272561350833237,0.014306983289055214,0.004032396024261833,0.006989583601533981,0.01037066411072461,0.013767262376885926,0.06078363701107181,0.059447263881469876,0.04107303207463458,0.005741667238635273,0.0020826412166199066,0.0024510560853793096,0.00722488998250366,0.004450903544995492,0.04253490749272397,0.07395346574458618,0.03367718304686439,0.002372287506838466,0.0006865844063614754,0.00044157595730368287,0.003427189622479206,0.0034127267398643057,0.03228027956113618,0.046270703383974474,0.032912801656763455,0.0007607309696328739,0.0003486359745883544,0.0005871624983283364,0.0010354146999101066,0.002470196502966591,0.027859897972829905,0.029446553923268576,0.02309276807983511,0.0,2.2277280803181333e-05,0.00011942288101593284,0.00020142548225281467,0.001115127113400867,0.016108750328520494,0.028157414180939682,0.020987405424788535,0.0002713664280267902,0.0,0.0,2.4012271519940007e-06,0.0,0.017049018137523554,0.04372565244152404,0.013679555126172341,3,6,3,6,590,0.8326805453718573,0.030508474576271188,session_64ff7c6042be4b08b1eaa1fcb28bd621,1
0.2732111775134646,0.4455047121792478,0.1807289540507616,0.29262100959834114,1.2759264634381235,5.350588523996478,0.2005782203942515,0.5315692515432099,0.04367599272226301,0.055099981578664775,0.0346679270584969,0.02978634961598937,0.007028470566460423,0.001791507589852027,0.0020959725373686823,0.00022090323909932765,0.04731074697204759,0.04635079678822711,0.022824088907824353,0.018895771910694064,0.006625034594569111,0.0050407779390978435,0.006948335575614343,0.0010574806772416189,0.037960522467481106,0.04058259437005581,0.022846220701564765,0.018265103093998574,0.009178179273640641,0.00512810467159823,0.0032861457590332203,0.00038266831731142796,0.03230014160855798,0.0362128637668051,0.016940174749500398,0.012462949980400049,0.007639484866131022,0.006135308635939414,0.00198211602647434,8.336527237821184e-05,0.025119935114993656,0.033786769552588546,0.019294591635666148,0.013743854825909651,0.009178364796566472,0.006090968656665599,0.0017151921886554258,0.0,0.020320849895801595,0.027710140726778423,0.0224669681887113,0.01948968536184828,0.009669673156622382,0.0038475163063738695,0.0006185880002898523,0.0,0.01420709465859853,0.03054661165293506,0.026405674469688174,0.022399230494556104,0.00789237444026642,0.0035052374213273662,0.0,0.0,0.01896531026854116,0.027132258639038738,0.022878479864432942,0.021155277450626894,0.010188569867060819,0.0008647005310757448,0.0,0.0,11,0,0,2,688,0.8384002542011038,0.0188953488372093,session_68b15e05a5ae4daca9bdc9a5ed527334,1
0.45677561519782406,0.5417899690114829,0.163316800058611,0.21125740398857573,1.9458633660842897,4.763670743779453,0.2750910401027434,0.36293836805555557,0.0,0.0,0.0,0.0,0.0,0.0,0.00021374226922132866,9.436142378605895e-06,9.579767072344189e-06,0.0070783706812593186,0.0036933520868883437,0.002103484177082928,0.0030596224882374966,0.008925398605203149,0.0026110107573459364,5.24230132144772e-05,0.00010939892922045831,0.05530103663995199,0.05863700740141134,0.02396692553102717,0.02635824795683101,0.05642557490451471,0.004806558363115111,0.0,2.183095344822064e-06,0.03803727664026223,0.08789051374696574,0.02945285742046316,0.036289952978711515,0.06117222740787158,0.005115767966264283,0.00023403643844654957,0.0,0.014324710441845571,0.04244317955772499,0.047209953880674595,0.03811276577929107,0.0273531218478868,0.0064877715781380815,5.02255554002813e-05,0.0,0.003473405230897521,0.021647257464929362,0.029625609202091577,0.04668746160732405,0.014726601059864066,0.00057658133301238,0.0,0.0,0.0004827800455319004,0.01434349655178654,0.02290123030348903,0.03499404172958027,0.007867574010881869,0.0,0.0,0.0,9.220705337998455e-05,0.016675415804260223,0.05887220719987717,0.03631212863142471,0.0031842887224023354,0.0,0.0,11,7,0,1,336,0.6057303141772867,0.05654761904761905,session_6aed13072a424c79b9b68e8787d245ba,1
0.5270588788029009,0.46095246316901184,0.21380296166320326,0.22827576656971046,2.841673583290465,5.266027381214379,0.22431763777374084,0.5399194637345679,0.0,0.00013558067460222716,0.001037882890233088,0.0024755887418994754,0.00014326459931280296,0.0004862171041975374,0.0011490938740610387,6.486032619401806e-05,0.002184093821638551,0.025652517886217502,0.04295848140136618,0.020269722701983756,0.01331600618117026,0.03352073911871832,0.04124305991862123,0.0016582450812615047,0.005076155989696386,0.05173884215586546,0.06145055812769607,0.03816021754944156,0.031066295878664028,0.04365950715118633,0.04092877210071194,0.0015381852285478678,0.0003061332086835221,0.016669880461312715,0.022765539110923785,0.02696911661212394,0.029238180755868263,0.0361869550892722,0.034267833115463275,0.0018625221608565977,3.5301338639705045e-08,0.009269649075158468,0.015739854927736805,0.01592128027411913,0.026793010000763333,0.024600032008900458,0.03864878807621507,0.0019908660610376853,0.0,0.005428075034595606,0.012337382471400355,0.012091791058483927,0.0209687009741628,0.02002142485310495,0.019374939671483155,0.001632698679199238,0.0,0.003604596154274522,0.011262597915175896,0.009723177139775638,0.020809715512042446,0.016812592006320164,0.00691173146205801,0.00032240712579642615,1.4191138133161427e-05,0.00620550464834495,0.012557592221834836,0.012339712359750576,0.019192831832553794,0.022842766672754578,0.00440200632569394,0.0,7,12,0,1,495,0.7377188997026862,0.04040404040404041,session_741ab24caf9e4d3fad2d6818b3003c73,1
0.45234493186950353,0.5803257002021665,0.15884055426669838,0.25842450986436794,1.5374422402277854,4.961180861779713,0.2774550831239578,0.36472077546296294,0.002174941398485252,0.0028403113030423745,0.0014362630043835238,0.0009407495432443558,0.0001686864565931282,0.0,0.0,0.0,0.0023524107698729676,0.022363753231187073,0.03359543442291962,0.010122485600146745,0.009871050623326508,0.0038608283041930485,0.0007234044565118702,0.000831748441934155,0.0010624281730263064,0.029492162410519048,0.06465217373535043,0.015925299706950356,0.046800066000078695,0.027748529442758515,0.0027459430506508935,0.0021596193792450587,8.941584240694177e-05,0.013016231643928454,0.051917876861771586,0.016871354258948375,0.0403467231914548,0.02887505045568182,0.003336481880069459,0.002316974593575827,9.4400306825038e-06,0.009870762133424495,0.03860977357309088,0.019852160144270596,0.05023881755041141,0.02033172652471521,0.0004723060512439805,0.0001568743978274146,7.327643511104818e-05,0.00788556695437925,0.02341319935862284,0.024880843653458558,0.039478080096496664,0.012929812891059081,0.0013643168282650867,0.0004688441724198365,0.0,0.0054085285468370966,0.025155165495838412,0.0291771634919555,0.03590662319123843,0.008595941283650243,0.00031312373420046985,7.415793203386262e-05,0.0,0.0015621247377446484,0.04430534957242992,0.06390971291808899,0.08018535155659935,0.016473142030871146,0.00025435193027391394,5.064600501988457e-06,5,9,0,4,305,0.6391969227113896,0.05901639344262295,session_74ca31a0192c4804828d7e7ba9694638,1
0.4664042376129999,0.4245423119050423,0.12453600959233038,0.22948444232102236,1.3553905381164015,4.74305954902704,0.24239503598468687,0.36649787808641976,2.6772282459570624e-06,0.005938536731442325,0.019373519287336313,0.010984285031983832,0.013113591124916007,0.0037086020015433857,0.0006455014373562961,0.00013894711228631208,6.93495146800229e-05,0.02427896635628564,0.06817871831987492,0.06029666893369669,0.056593152632141756,0.027219710353880475,0.005800240836837461,0.00036175659043922515,8.369697724909009e-05,0.010026602242287193,0.05140254457623793,0.050943126007158536,0.05053913329852248,0.026985757817622767,0.002158879645100835,7.390803845016601e-06,0.0,0.003119446398815321,0.026378709233837744,0.047604818783433374,0.04254865099998868,0.017739634798157922,0.0015024418854116333,7.012477382460506e-05,0.0,0.0011137372871067323,0.01691144095918369,0.06032655258952318,0.05191017392732173,0.00968613943635249,0.0001673215969780192,1.4988343461921778e-06,0.0,6.753023988740342e-05,0.009146373009528606,0.062222319617741426,0.05133698866297206,0.0028365698421401824,2.594533937201632e-06,0.0,0.0,1.1370467453871693e-07,0.0034729645687447868,0.04018573348482241,0.03357184267056308,0.0008305713003509495,0.0,0.0,0.0,2.672059851659848e-05,0.0005727097720743283,0.017985433294144846,0.009688506560940615,0.00012098177370919482,0.0,0.0,42,0,0,5,978,0.6242982155902137,0.04805725971370143,session_762199fde1714a66a4d573ca708ea95b,1
0.44271991902282454,0.42778437959327564,0.1410017186944432,0.2194522071256373,1.324952831258026,4.872196595355268,0.2826307401570885,0.3754523533950617,0.0,0.0,0.013930594137343235,0.021986667814572602,0.015280420216500296,0.0010518697445385538,0.0002931961258392971,4.364661344835089e-07,1.6653910943886385e-05,0.002153796698875685,0.01671196093977269,0.05669103129745887,0.04433303828222642,0.014788741116004624,0.009853318462932132,0.00017526843212853404,0.0002993884891222819,0.03656252257348289,0.07914818232587129,0.08964091003625506,0.06526722257175885,0.011171637143006164,0.004718485344667486,3.4276231123658056e-05,1.699490011145163e-05,0.019176617003367553,0.05250541654472894,0.059725998563589955,0.050244876596838635,0.010509695331361816,0.0015438761946350893,0.0,0.0005206904588721235,0.0074684265854141315,0.03594773274392946,0.046289088543047675,0.03004365534277104,0.014423159809674577,0.0004558752379013224,0.0,0.0002609794692877331,0.010930312289336892,0.02068378912400592,0.026955561964333297,0.02230464703311054,0.0030987595195991844,0.00226326786123083,0.00024405276700979452,0.0,0.002142230346311872,0.006024582972975981,0.01996362000210813,0.01453998269848243,9.742742495674075e-05,0.0076804672893729005,0.0004425630207995754,0.0014232887854173173,0.00867659212479789,0.005335812133627599,0.021925030612643507,0.009680737025444012,0.0,0.0023252324127607856,1.9340905584300488e-05,8,1,15,1,297,0.5264742543457064,0.08417508417508418,session_78022aff4fa145fdac5261a0d0018ccf,1
0.40210120442701314,0.507006351236337,0.19749714483099987,0.25729626733398864,1.8847969922140018,5.46292684512825,0.15346444014755367,0.6303149112654322,0.0033193416026852805,0.002447290646323286,0.002387803693228387,0.008487588919577039,0.006695681890972191,0.0038601564156772947,0.0019287183407202327,0.0007057131677712477,0.016660968968107225,0.023218718379924914,0.025933215681680916,0.016324683956393343,0.04231821842477883,0.02937422199144988,0.014167551339793888,0.003114717768042576,0.01867386163679017,0.03780338002494951,0.04122326499436863,0.024518910478515395,0.034478338553704066,0.018523379320133277,0.008730759200358207,0.002888422859534074,0.014801177083617693,0.030996254130288954,0.028974710392065457,0.028929632243757164,0.015982416976025586,0.010016867994270214,0.00406724681780606,0.00032042953978002645,0.015475418007600529,0.03213405060826494,0.024332283183184474,0.024138610618846448,0.012895793483982596,0.012929956528664893,0.002791590194032929,2.867294285848495e-05,0.006198433459119595,0.02534419791934255,0.02368364103437222,0.022143085189266234,0.01972163201819282,0.013672660975391309,0.0018489201808779508,2.784834258455274e-06,0.0013728220227181426,0.02130609421121783,0.03304221760995802,0.032847698745338855,0.03234324591109296,0.013034174429952746,0.0001650864215083759,0.0,0.001463209786078291,0.009160412109755569,0.03480132146099899,0.03523726013915115,0.019875297002573664,0.006056175445194816,7.96100931131396e-05,0.0,6,11,0,3,531,0.758324504978022,0.03766478342749529,session_79c419ef5ef148368bde611bfdc35de1,1
0.5027022791106692,0.5352033247352898,0.1402723070042892,0.18616756160184977,1.9891514792640999,4.610064480170521,0.24327770274159197,0.33782359182098765,0.0,0.0,1.2922661982148156e-05,1.647717125229797e-06,0.0,2.7171788065110237e-05,0.001399056921331124,5.180464093725632e-05,3.605287974009096e-05,0.001643768821929718,0.006565696772006086,0.00407067997637982,0.0006869944112129492,0.002620585276169722,0.003407105946946866,0.0011812784597795254,0.00026305441199266143,0.014914327103518688,0.05670651648080866,0.05088377432426862,0.028600845873721487,0.028727543921350792,0.009473140272977607,0.001514127682076732,0.0,0.006433879401987703,0.06002891525931762,0.07971557003354275,0.06969076577663758,0.053406947393034816,0.010194944003836134,0.0008730413643528897,3.523420267786987e-07,0.002249413676959938,0.04199312796256171,0.06199742943692863,0.062926949155574,0.03818142973886502,0.0025795374300500037,7.471723567865935e-06,4.467489639538148e-05,0.001024952592898447,0.018282437078501784,0.042202077147442264,0.05356481734703325,0.030299051538788514,0.000575374529729615,0.0,0.0,2.9327292228932863e-06,0.0028233477495800754,0.019216734140510228,0.05130634640738494,0.015218149560609804,4.3648959317408205e-05,0.0,0.0,0.0,0.0001629996393882986,0.006883757992179375,0.050251061311181164,0.005029765336272225,0.0,0.0,26,0,0,4,556,0.46350754579317205,0.0539568345323741,session_79e01b5bc77144b2935d94c47bce37d3,1
0.430931968701994,0.4010466561038587,0.16953449142551047,0.24229851099170877,1.8813719559350381,4.959449327987146,0.2730209196170394,0.4075289351851852,0.001251139535936162,0.006002010919281567,0.007368145363470593,0.005157321815305232,0.0021918265919561876,0.001699467702472655,0.0009047335574167382,4.896993156142484e-05,0.014333330106196081,0.07373007177078199,0.08789344244209334,0.07405957749418496,0.05280977928407536,0.031967866831505834,0.016881849176663476,0.0017377149076404576,0.003368709136843603,0.037791728517003596,0.05750482775980462,0.044530624331729295,0.03852861341244773,0.017257580826842096,0.005642377430512793,0.0007181412319844125,0.0013993439380065433,0.013387872703394641,0.030274604801394843,0.029838913128692305,0.028481826864386613,0.0166649883676712,0.002324326843560319,0.001136623069543382,0.0005456347977857035,0.005656153741719297,0.022908570210836383,0.030966389515616456,0.025288199304694517,0.012183761187940744,0.002053092524351565,0.00041734202018641896,3.81909178901457e-05,0.0013576772807210897,0.013013463804240955,0.021085340856615814,0.017681339596681393,0.007645036554083856,0.0011636128191798223,0.000299926758994313,0.0,7.795787955468208e-06,0.005329968967698082,0.028321084471218175,0.017885690558214443,0.005129529971962182,0.0008155604377889366,0.0002298490983115843,0.0,0.00010072608336686179,0.0017523636716506425,0.036122473010813234,0.03128632640181776,0.0035885390997322754,0.00023801075357182178,0.0,11,6,1,0,442,0.6413028678410351,0.04072398190045249,session_7b82dce22ffe4e588f52259e7a4b37b8,1
0.43025911671232053,0.42920439922409487,0.16102076767230408,0.2313194572051669,1.623878691229609,4.8732359860536265,0.24369407474370622,0.38656201774691357,0.0010036827106584905,0.005207553617930669,0.006504040315844242,0.002892011357349953,0.0024496819625558714,0.0023492057216264162,0.000794761024581049,0.0,0.009510191243291874,0.04885798282962971,0.06571841534122198,0.03342516898601144,0.034883636186444265,0.040494020224066514,0.014517126571798603,0.0,0.003962391165895477,0.05045965148844748,0.07472663669363269,0.039764902305846825,0.048261924914749114,0.030726063784970715,0.006661432099160243,3.681258206753986e-05,0.0009625770411570966,0.014929558597218,0.0475851595268231,0.03465270921387952,0.03345775274842108,0.014843156999222886,0.003972943934707436,0.00018084952153990424,0.0002631636889842217,0.0021406182279839455,0.02370178867631865,0.030351074165823225,0.030201278833625216,0.005006446893409464,0.0002377007961504939,0.0,0.0,7.889512176346355e-05,0.01947074535337232,0.03216675451857414,0.035273471661837565,0.0008585275118844935,0.0,0.0,0.0,1.2853555191180116e-07,0.013851466655557768,0.05938181828885324,0.02971358924256146,7.2789683047653e-05,0.0,0.0,0.0,0.0,0.0018144849721181324,0.03231576578390549,0.009307490677926964,0.0,0.0,0.0,6,11,0,5,433,0.707087698332803,0.050808314087759814,session_815ebb529ae64f678fdcaa67e7e2bc51,1
0.42057420812898466,0.48234395044179745,0.1362906921203378,0.24481743143461973,2.0435743730105402,4.901524345239787,0.24848177820435,0.350068962191358,0.0027371681706596382,0.004263961735871405,0.01633821588849416,0.011315033561220173,0.0047009966194319856,0.0005159045658353272,0.0,0.0,0.0036794203314977525,0.01868730385221279,0.07894029359768107,0.040379318510784946,0.014407311183504693,0.0006853498021629317,0.00028349521598101284,0.0,0.001145185279347545,0.01671144045092961,0.08036222010273336,0.05379758538736124,0.0245821740289235,0.010860886479558258,0.005115826388789642,0.0002688589586306029,0.001191538651127537,0.01031119629183055,0.06444455372014173,0.05111941669092462,0.030365156756510095,0.014152007216959856,0.006743491033835015,0.0006939529127468451,0.00046207636026931217,0.006456783363082232,0.05284110440246085,0.04315560027710478,0.029789578884475237,0.007837966539321825,0.0008604364224799875,4.3438656718775504e-05,7.41058469058764e-05,0.0038410303122844523,0.03651445335114506,0.039033832758789716,0.03118746682552804,0.00609526467242489,0.00017668501244740036,0.0,0.0,0.0027477300951287776,0.011162528147372005,0.030300813638008184,0.034167214507734085,0.0062808191941445945,0.00013343440186160658,0.0,0.0,0.0010669580880271529,0.007937301909069414,0.019439300338006657,0.05047401102150922,0.009120801588011984,0.0,0.0,16,0,0,2,454,0.6893088691903028,0.039647577092511016,session_83bc2309a0a54b7aa7138eed550c0ce1,1
0.5507940913669308,0.42960186281553175,0.2628020398964788,0.19662004860497492,6.359440217642117,5.321232507363459,0.19884607593260165,0.5248451967592592,0.0005589321991437152,0.0019343312661293504,0.0011151949401142652,0.000406239191638654,0.0005027479559461516,2.277937641101147e-05,1.9680711237454765e-06,2.0256476725784558e-05,0.01996510798329941,0.03564240662729945,0.028292864853403876,0.017085129010673782,0.017521014890729707,0.013301920545346646,0.016633435750847345,0.015253430559955072,0.02637879006400031,0.05914158411489398,0.053708325976184475,0.03292866685384977,0.033355497513043786,0.02804817498932714,0.053163128401053285,0.047222736020222894,0.0032844489939455957,0.013941522723637077,0.02541441427643818,0.03082981321654604,0.03254641091191591,0.023584872329184853,0.03173324161005261,0.025615733296548548,0.0005901805624648868,0.005870285081278668,0.01108624932469251,0.01979217943599541,0.028065741070952912,0.014902265954391019,0.027735858851530213,0.014203485552363709,4.116199818386816e-05,0.00500521313775829,0.006920093998845517,0.00873563961050072,0.012577461002539828,0.019516576199427076,0.03297191207625505,0.012768730297762985,0.0,0.001566992884574942,0.004688071038322815,0.005539837564831063,0.009621282084649607,0.020526981820665317,0.018694864631409642,0.0024826065695072526,0.0,7.568699055680742e-05,0.0008954409559139193,0.002752096223435868,0.006021669530855707,0.01171484914792413,0.005330217053225322,0.0001512483595525247,3,9,0,2,354,0.7114831333924236,0.03954802259887006,session_844c41b1697e4f55981a48185e8c1e1a,1
0.25099740327607434,0.5260494872822136,0.20169553220257183,0.2887742001834986,1.9850479541839745,5.177582181185304,0.21862671242756482,0.45986689814814813,0.026181309017419052,0.014948024053022115,0.005000365906991246,0.002250335454519879,0.0024365407937666753,0.002085267098827734,0.0008158099982974062,0.00028144855731062626,0.04303446593256744,0.02946692408141459,0.023251681329945567,0.013588559500996541,0.013508635748077825,0.014439528193886969,0.009959352849705427,0.0029672476398551564,0.0442470157696814,0.036723532461618476,0.03425994766560439,0.026506582880081522,0.020008951818328027,0.020386866764239876,0.00827462935173125,0.00022548104686810614,0.0406732247104196,0.02374827365141197,0.024519109757389496,0.022593003995561144,0.009162636245162397,0.00737723984527549,0.001209104076209849,0.0,0.030924182609575867,0.02137275713408995,0.02207182892963598,0.011909892188853832,0.006499421067417968,0.0018713166717816078,1.7273554662163728e-05,0.0,0.025524302354988135,0.026558865962198003,0.01895887482869273,0.006684626986835433,0.0028745253464354586,0.0013809595367131205,0.0,0.0,0.03764786155332455,0.046681453306792325,0.018018435686006393,0.00503582293586168,0.0026285189012813966,0.0004203231634459841,0.0,0.0,0.08099523539275573,0.0670664405650845,0.02449273700726626,0.009945032804389643,0.006249506443229806,3.870887249422701e-05,0.0,0.0,5,0,30,4,511,0.7158271996127228,0.07632093933463796,session_85334f32d1f64930bff5979e9ee3bcdd,1
0.509677209660808,0.4121767263044371,0.19893200318056703,0.24644735974631488,2.1024955127869753,5.213841062396814,0.19458255528764853,0.5361800733024691,0.01254599662420355,0.010550051832057357,0.006492787437933396,0.008321862810744329,0.008511247967271618,0.0064063644689772,0.005695998753640016,0.003333091858810532,0.02020228381602314,0.04906396374317488,0.030753388056036727,0.036071968213263195,0.04027359594464925,0.043617742914559644,0.03624918792002121,0.015674110309520616,0.0036641562295555877,0.02577505428759546,0.019818502496277878,0.035511083048186294,0.04324588566661205,0.0410948217347887,0.017357644420567978,0.004093712467837471,7.596647522593533e-05,0.010427509063429043,0.013277622911280377,0.02651084193090289,0.05393457535044485,0.05111719235554419,0.009811676616894239,0.0006007318406307156,0.0,0.0031326129707079237,0.011384534100397768,0.01271376396959321,0.04138770976554349,0.029896254878840182,0.008389728641242943,0.0,0.0,0.00025281928746709667,0.01139057820480695,0.01197936666340227,0.028833969736010608,0.012649567084263109,0.0011075966156607012,0.0,0.0,7.820646280250078e-06,0.0075462284918830815,0.023676127997640444,0.0291587679346126,0.0054836247590963364,0.0,0.0,0.0,0.0,0.0014486636895493852,0.038046787605333844,0.029402096240235886,0.002030761150771604,0.0,0.0,10,16,0,1,522,0.6458395598424133,0.05172413793103448,session_85ed145d863741e4b68f7fb466ad46c6,1
0.3269209625837691,0.5341513365321795,0.20617258391354695,0.19209274520148403,3.8070137526915238,5.03061819682989,0.2306608454161085,0.41389998070987655,0.0,0.0,0.0,0.0,0.0,0.00011089843618763655,0.0004086620997400917,0.0002142356153624797,0.0020639915584219366,0.0038949329142117218,0.003657563939556047,0.0034518432532620285,0.0006769845445454359,0.0025541789950351015,0.011264801569319138,0.0011716678637067484,0.029876692655501746,0.04532632982006906,0.04063336412967466,0.029203672661930587,0.012447245927254932,0.018644070706118135,0.026768402948350728,0.0011420222866619944,0.05589407886001421,0.07466927947378665,0.06207315171475549,0.0293509604989852,0.012929803987422755,0.01974809597330503,0.010028651850762748,0.0026787966849378423,0.0302101645255957,0.05375958368890542,0.05651170413103759,0.020870976699421125,0.008366360586074529,0.015061356399045489,0.0028560706961999467,8.133460246193984e-05,0.016594384228531215,0.04385078116776707,0.047744487932192936,0.016368009730288735,0.008927310489218233,0.009343724580382252,0.0018397423864749466,0.0,0.007718517534772995,0.03275927543484925,0.03868995759074864,0.015446776148400308,0.008240775600229611,0.0028337956417568526,0.000432108808423006,0.0,0.0019240742439689848,0.0168449138775551,0.02556962355049,0.0142663072540084,0.0019079844340012208,9.551706831836854e-05,0.0,0.0,9,9,0,1,469,0.6925914677719027,0.04051172707889126,session_87a82c398633482cb334f4d033e666e1,1
0.3684427680395397,0.562351912172976,0.19168110949555656,0.2439032242347937,2.178564301258129,5.185790854341066,0.19890983967992823,0.479483024691358,0.003002979136226557,0.001107337630033129,0.0004943529128546735,0.00014649192810258,0.00021254038354078937,1.8461826571708982e-05,0.000179150390956765,0.0,0.019162954421928592,0.012657348945186204,0.017027631539336438,0.005656324258016834,0.008241463531606324,0.011728206997818355,0.006122469880441261,0.00038177172731329167,0.0387831769190517,0.04397062781666843,0.03172396462133765,0.01783414926588884,0.031167716854053173,0.032873272219769184,0.008040578028507044,0.0005855213552870282,0.024921829229021725,0.05890938241185302,0.037947125229508154,0.017314998735073507,0.019585443837933283,0.008575685826480058,0.0017140113534405976,5.058714063973986e-05,0.010991668149150927,0.04286124438315355,0.040769900076014616,0.026475871148998124,0.011634087638848682,0.004883494095463985,0.0006278508891458693,4.116404581469028e-06,0.003910646346440478,0.02282396314835914,0.03345788846200065,0.03347974756223297,0.015739358089853377,0.007648874855200509,0.0022163490992786025,3.078624269815541e-05,0.0009936529504924981,0.013832706441285415,0.03579780409157721,0.03147188443595859,0.03710827140913506,0.010367636093170998,0.004251043248186414,4.6755908664818385e-05,0.0004141822139878701,0.006056979371407166,0.03454116000380296,0.06538179627695508,0.03454703703925964,0.007488012707489729,7.674862758823278e-06,0.0,8,6,1,12,520,0.7525841975959086,0.051923076923076926,session_88c7d95c6f8e4e7bb6df45318dbdea12,1
0.5236062505725925,0.5069296733364118,0.1906399814823246,0.21474868143123788,3.450835995211337,5.032975228805183,0.23885185891088756,0.41639178240740743,0.0,0.003009114615298838,0.0006687517419527413,4.997427101479152e-05,3.105745656286479e-06,4.771554690112863e-06,1.2790025293616136e-05,6.423246698228854e-06,7.41143849795637e-05,0.015877122358939184,0.03847650413767906,0.014882295557127785,0.005383499520606983,0.013732294408707742,0.007711157070813725,0.00222878190213115,4.4496865039159006e-05,0.030591241788779058,0.08134384089908739,0.0424733870419341,0.020570638130924995,0.049840385142954156,0.016329573032957283,0.0025901636432915025,0.0,0.009463771695733317,0.05879512512562212,0.03146312341367864,0.02574454217080977,0.04043888364762938,0.012074913239230463,0.0037331486299334786,0.0,0.0022622674871162025,0.04084285645535799,0.03312301741373237,0.026066043314338264,0.04708961209815551,0.01563999867808171,0.0035180192751327983,0.0,2.7514083109556124e-05,0.007983700369178575,0.0289482882195778,0.027965164432080313,0.0350282229695556,0.023421684409344563,0.002300425807611395,0.0,0.0,0.00041151129945795847,0.015044909576285802,0.02924214822676534,0.04567100630154382,0.03151504583424147,0.0008809447554056597,0.0,3.2045648362592303e-06,0.00021270122637849262,0.015189693791971593,0.01186823998283031,0.024118599617589536,0.003976384982923552,3.085981820291929e-05,10,0,0,7,389,0.7144344951299424,0.043701799485861184,session_89dd28a92f9a4670ac38cd1bdd30d248,1
0.45755560150900343,0.6162525119051343,0.22516881004238368,0.21972980241582887,3.9901132265477792,5.2985592348610675,0.18349025494947668,0.5581428433641975,5.13762333224725e-06,0.0009103473342947339,7.535180887295966e-05,4.2869985167982544e-05,4.565521686458545e-05,0.0,7.43355756863613e-07,0.0,0.0027884215396608383,0.013623687966503373,0.006132045143599912,0.0048179709472293535,0.003233795143254111,0.002286176515884228,0.0030526327586098685,1.357800452093916e-05,0.010155340558042436,0.03358704316236863,0.01691430748210811,0.01663473044099505,0.0076545976962878156,0.015469948427389024,0.019000351927198258,0.0002041311365746737,0.012400086752439697,0.054708207883031865,0.03148042940481641,0.029037593015564807,0.012142546916169353,0.02200024406533698,0.01928745662154538,0.000592134612957852,0.009286658784398235,0.058321631988446254,0.0308314421908083,0.03381840558451752,0.02434095842890199,0.02403076265825938,0.011547758805446494,0.0005817840897610169,0.0031005745001443006,0.031861695631555095,0.029288950766616677,0.02701402809231737,0.02063698606464837,0.030790896368576334,0.010432555797953309,0.0003869213762307819,0.0006234308312784644,0.015554455744507912,0.02373393788167378,0.030230387308768085,0.023685017545218918,0.030746756091925103,0.0238720232706861,0.001091867282467594,1.911082964797466e-05,0.0030492170859549132,0.015606245998758258,0.029824308055056616,0.037567769697772535,0.04779936538307602,0.03030667066472876,0.0017198617535192084,10,0,0,2,456,0.7542003369897871,0.02631578947368421,session_8bfbf9b8ff344d05a0ce41082bccdd33,1
0.5586827732826881,0.4855067877914481,0.21491033679155244,0.2494515437047356,2.8234448931234186,5.410687986736252,0.16695708206105722,0.6264289158950618,0.0007735180486468712,0.0021836670879994153,0.008013380350175901,0.006280968421760358,0.004130008310216579,0.002369929624309312,0.0034281889319545005,7.178422965732819e-05,0.007545985600545551,0.017124758401031913,0.024624993125118,0.019630019460145413,0.01845499507983625,0.023676016342847765,0.02952784278791685,0.0022043490976059637,0.00657965584218197,0.039243432643303246,0.04789076831238916,0.04139908295860511,0.04565084989175546,0.04523875754464582,0.04073830869681304,0.002955411726270095,0.0011935129612925261,0.01623412526451524,0.02391110988942841,0.022940323270777295,0.01993524827585815,0.025925330727229006,0.035288735282512015,0.003946631454825836,7.633442733308255e-05,0.004677190970544175,0.016827447707086555,0.021299148639347388,0.017018283775419262,0.01841731788745787,0.024955321920146396,0.007789152831207275,0.0,0.0011060247160670817,0.009827649168060913,0.018895843120633526,0.01825706536999878,0.015563185005522812,0.02295450277567114,0.008774671200965874,0.0,4.968660299610061e-05,0.005505599181580445,0.013570322873393364,0.029624493653419282,0.0207821917365719,0.021914327586993694,0.00712282499481608,0.0,0.0,0.0008904697960872858,0.008041894922277295,0.035989862408478124,0.038434524168289394,0.019008828029074564,0.0035141448883899903,15,1,0,1,539,0.7772675554171902,0.03153988868274583,session_8c4ffffa44a1467482119f9baa510775,1
0.20532988113492978,0.6453378962250136,0.18532097911207585,0.18058116995413298,3.3633522440840675,4.386898235219408,0.570767468541319,0.11074363425925926,3.1085728496333027e-06,7.500193904850547e-05,0.0,0.0,0.0,0.0,0.0,0.0,0.001908328491426358,0.005444970108176812,0.0,0.0,0.0,0.0,0.0,0.0,0.03772737724680103,0.02169771658562282,0.000410514473378045,0.0007582174894708524,0.00014308577969635643,0.0004021335171657983,0.00181455321046242,0.0,0.07419751963315183,0.06502512686862942,0.007197047099602483,0.004995202283521044,0.0028919784649044412,0.006350479093552347,0.010365292357466983,0.0,0.08872302722576483,0.07357028887022729,0.009610945345955968,0.008977223151492488,0.0075630358383401925,0.010767456350837189,0.015708350038102874,0.0005524116811024828,0.07656107118982303,0.08601728884599871,0.013204455560132066,0.012307388483377592,0.012441422830364722,0.009725109207668971,0.014067876907219919,0.00036309349931893303,0.07723901435688275,0.09076042244285978,0.01680765720730996,0.009584827238778166,0.004011308500407695,0.0008916727885742271,0.0001826743692225688,0.0,0.05410934283093768,0.0612710984858355,0.003277868165120685,0.0002950706110798984,9.447623366532587e-07,0.0,0.0,0.0,0,1,0,22,240,0.762115179017678,0.09583333333333334,session_8e259f318ffe41d18323dc1ac179af78,1
0.5251026384803222,0.49142142525258964,0.17851998710760464,0.269012861507968,1.5171138835396005,5.178062309358624,0.24540099283747988,0.45633246527777777,0.00013275950839289214,0.0012825460395927283,0.0008748180794270994,0.0005149815738544341,0.0013854160250188698,0.002594804741069564,0.0010657269852062778,0.0003546443695036313,0.0019037326935745812,0.01755226232359181,0.044472641434923486,0.042316300583596096,0.03807656144459728,0.021904434579413986,0.03656088723221148,0.006326586217781785,0.0014284185339701883,0.013053750154816612,0.06258691774741842,0.06894012155813806,0.05036648648228006,0.03820249916837393,0.023779692638682966,0.0012314331867087584,0.0001257103309561014,0.003341840688286738,0.02515097241002483,0.023701696901237183,0.023334192204438477,0.024834403705027448,0.0056063952563229985,0.0036983547320926006,0.0,0.001784136702904155,0.018616827078826427,0.01925352697634301,0.01792255889890939,0.022379849802494176,0.007237130235902871,0.0016180894121708622,0.0,0.0016486611135992377,0.014812873647461188,0.021527088826659616,0.020476053944247223,0.024429341294035945,0.006523786324929282,0.0003526104670532311,0.0,0.00041921129760298155,0.009365489137369166,0.015830911305026094,0.029748135164111674,0.02814909621712841,0.005564820268967302,0.00034883321964534504,0.0026837784985737165,0.0011837564920018618,0.009626952982188623,0.03787760535955782,0.04732038279004219,0.03377639898000676,0.007616231966549202,0.0052038720651608784,9,8,0,4,524,0.7725077377725711,0.04007633587786259,session_920d2eb010394d32b500dffff0cf770b,1
0.5465381891962272,0.4275219539928169,0.1499011407180049,0.19684018983136187,1.873417475913435,4.546313088646842,0.3516262836860881,0.2634645061728395,0.0,0.0008615084704008958,0.0006361220280352159,0.0014010503275129567,0.002625112241820262,9.940633320987192e-05,0.0003143124237623097,3.74859025529823e-06,0.0,0.017588660243637172,0.024188357593058065,0.016655163139432955,0.01186342460843129,0.023045587096747856,0.02796885993084381,0.0019844173261961222,0.0,0.017275682396510256,0.04069679580710563,0.08587971209570767,0.07372693949704674,0.11983458001108797,0.04541544664119248,0.001624297522036608,0.0,0.0002469948081828703,0.012304050785508256,0.06628922615123328,0.07307111283751247,0.06755966460362053,0.003306688379966843,7.208676443827433e-05,0.0,2.251116765878047e-05,0.006787951159519433,0.025883348424516582,0.046035926646015794,0.02843839539297865,0.001499004327325488,0.0,0.0,0.0,0.005055808069666785,0.011670754919759758,0.031692505378736364,0.007237703485647257,0.0,0.0,0.0,0.0,0.00411457827142808,0.013595175175744116,0.027220967109594336,0.002678887829775849,0.0,0.0,0.0,0.0,0.0006193613155848248,0.025149684545335647,0.02537244108668452,0.00038598703953377113,0.0,0.0,7,2,0,1,217,0.5477404297881368,0.04608294930875576,session_93bcea53dbba4ec4944f6fde950b7402,1
0.7438579154509103,0.5615800286574512,0.109046232189295,0.20693884736943458,1.5452874755364452,4.1361733717150635,0.5106764015462267,0.1595018325617284,0.0,0.0,0.0,0.0,0.0,3.835804389319362e-06,0.0,0.0,0.0006406073315885183,0.0061388269443811445,0.0011298543819459382,0.000540568433172182,0.00036098559117879225,0.017315100999109448,0.008322687576224362,0.0009903374967490158,0.0013356718860764976,0.003679936337966509,0.003172182231394928,0.003435452805648723,0.003908544679855506,0.09677026110376476,0.07514192406244051,0.006598619496800141,0.00044218145051474957,0.0,0.000751817660306595,0.0025501379531649403,0.005207034462070572,0.09532687871049328,0.09433441332225821,0.005371106095073575,0.0007307627340236157,0.0,1.6239171867191461e-06,0.0015936227316151786,0.0012428006221394735,0.08689572466562495,0.08742038990979616,0.005111755320925654,4.759757271418186e-06,0.0,0.0,0.0002631585799650561,0.00472114724037533,0.07532707862029868,0.07851040428342317,0.007778227341518492,0.0,0.0,0.0,0.0,0.0022722241256584877,0.048126073762742395,0.07118631378274233,0.005534085783761371,0.0023149219482403276,0.0015377095829621074,0.00041017908250750847,0.00012137381042116376,0.00016225172581099055,0.018737736450391975,0.0531741323319476,0.013352575072081624,0,0,21,7,356,0.7926049106173332,0.07865168539325842,session_95435cdcd5b847e49c5862b00c0ad1c9,1
0.591278133887608,0.5642319499235803,0.16948442268404826,0.2202671238983046,2.048912493400783,4.945415617686662,0.20658983089303176,0.40552565586419753,0.0,0.0,0.0,0.0,9.417156073324813e-05,0.00031401129132219266,2.6086076342806125e-05,0.0,0.0005197765640921988,0.0016341695019017552,0.004803751547910403,0.004727367555727221,0.00793607282242352,0.0030915949330018676,0.0021431721510471284,0.0005644281940906397,0.006428573440892211,0.010421016187877934,0.03812352161464821,0.05032960105194902,0.05366481141187216,0.030727724085083327,0.034449015447471865,0.00949128862376309,0.0016160283037582493,0.002711773174340368,0.020717425094680494,0.04685336321016175,0.049356435986106555,0.02873786215044584,0.04487453451883961,0.008887831510209717,0.0006255825384496447,0.0005478193908520433,0.004100653402578565,0.03193551059852056,0.04207061726010172,0.023268862611354864,0.04186389718742942,0.0056974442564536425,0.0011995587315631823,0.0001311965791664854,0.0010383743628729289,0.02283822428011594,0.04587248901918227,0.028802670667270398,0.03674581608156273,0.002755128162496193,0.0002602595931192121,0.0002530337617599079,0.00016955360240168246,0.014022462481049432,0.05453518814255455,0.03600207410829145,0.019753324734083217,0.00041536153280228623,0.00011482352899018276,0.00047328606020786653,0.0007516750638174699,0.009088315914384342,0.07112419991157139,0.03233941453249537,0.007736566793457414,0.0002212070983502484,34,0,0,7,1032,0.7242870387824747,0.03972868217054264,session_956d95b662c84fd38a931ff31f9934e0,1
0.47912782504709744,0.6501822609962917,0.17156591058790055,0.23518805358031736,2.6000454698273816,4.979158371236115,0.22995610229081234,0.3665649112654321,0.0006568005890572494,0.0006045349907644669,0.00017992560775377146,0.00030152747371214124,1.8738853815554868e-05,7.153124719552169e-05,0.00015461435808858422,0.00019101339006498332,0.0062540861895713515,0.0072766079965361965,0.017856559843702408,0.005808003635387811,0.0015407251171319469,0.002898489283388727,0.0021083593663131727,0.0010976026496287757,0.0030411253246139546,0.014469029121044278,0.056327138244012614,0.019678129456004428,0.005856594210810475,0.008810597662196287,0.0007516738757111028,0.00031659130465757723,0.0032670827887954948,0.00418310418896792,0.055633110802127676,0.03971224696354371,0.014259791129510754,0.023021760588063864,0.002943643148004522,8.852666012730003e-05,0.0029562486018764314,0.0018075468287907814,0.039168770031931935,0.041821848061133815,0.021601985114401392,0.03237592298105312,0.008814260142326235,0.0012292010795034755,0.002962645399363669,0.0027934940054168333,0.031209749170909195,0.042975830327831484,0.03209529171246596,0.03697376541651712,0.006609070821892525,0.00019244326244448348,0.003075429718981788,0.002618924147716102,0.023053870002901763,0.04657500724813598,0.040601941152097094,0.03546979052808636,0.003997584519097859,0.0,0.0019375021597030733,0.002060747124623851,0.01881136339648373,0.06412803277969888,0.06600219410153813,0.06760470475675268,0.019000959456909383,9.460988911026129e-05,8,9,0,5,451,0.6729496371357667,0.04878048780487805,session_980d3c56c0fb45b78ff48c63f1c3ad0c,1
0.3842020926871389,0.5851852754615208,0.1695812569296417,0.2212573061745796,2.3737181804233924,5.020792041366456,0.24182470327766206,0.422842399691358,0.0009433681221016256,0.0024110436367760653,0.002891667096010116,0.003236952742400298,0.0023742618539648336,0.00017111767057852357,0.0010756556297123597,0.0013336068069275682,0.0032908006490158935,0.0076453117543311775,0.018457998120744796,0.012088649083935449,0.005738815321117655,0.0021657278480265796,0.0036441684910237977,0.0016855608213274136,0.007182678416472112,0.03252460316085542,0.03835918025429215,0.01917478645302893,0.009736117871631488,0.005196595734675812,0.001724068141770528,7.169330547951933e-05,0.0031878806786497203,0.06695929855269919,0.06639725198224197,0.03204676282683408,0.015990111934624254,0.005250109666265882,0.0029213018132750977,4.0778350616689336e-05,0.001238691104673161,0.05432347591944327,0.07263089583367936,0.03768304781511535,0.01424790894896768,0.006801857827365994,0.0056023642581887,5.588515427130234e-05,0.0003331734854644495,0.028712935062029626,0.06129387980969123,0.03932280952794233,0.014815310252334162,0.008319952438393965,0.005244454355833646,2.602778698930376e-05,9.055176192087117e-05,0.013373617994645624,0.05020095499935899,0.04715663905168192,0.0287463770945856,0.011373118724247464,0.004133174723398544,0.0001753591534027001,0.0001421620358654444,0.0012174057630463225,0.01100924180143635,0.04176155082683533,0.03603265456397579,0.012795952525494652,0.01443990005864156,0.0007807445496723059,9,6,0,5,477,0.7210159782414115,0.041928721174004195,session_99824d4fcaa84dcf91d743b8262ead63,1
0.5143118354207774,0.4869565040268413,0.16655696870461126,0.20860701626674533,2.2347386405742404,4.712030409337029,0.2940720027237366,0.32850260416666666,0.0,1.0981290814026302e-07,9.60078568312014e-06,0.0,0.0,0.0,0.0,0.0,0.0013920982364941143,0.00554164565906515,0.01295602496599604,0.00535301845799679,0.004560843826231238,0.003296410939229333,0.0017061160911003494,0.00020444025984055824,0.014213069013035937,0.03337526460792878,0.07591317708305635,0.06513204382545314,0.08322641870159006,0.05991647975333134,0.03137601080232715,0.0031220751037775124,0.0034670445109209955,0.0047609386324211035,0.03472323374290881,0.045670843369252666,0.09195834896794614,0.03923357931895383,0.016781028182337683,0.0001737240206778961,0.0016090728554209682,0.001567500825910726,0.0077918847100005035,0.026817645610308218,0.06104684676705229,0.026706216883662464,0.007851340555979303,0.0,0.00039080845251289036,0.0021584354597300928,0.0030620701932580112,0.015028822044935034,0.04050348716380445,0.019581869154688313,0.003240453418752716,0.0,1.8432881009258435e-05,0.0017755962868365243,0.00492413630147584,0.00825815031796406,0.026768621990602745,0.013535711620510184,2.942985938159049e-05,0.0,0.0,0.00032983091337843287,0.0016497820692243945,0.01504763142734363,0.05780612665980838,0.014407280984861146,2.9225921123615716e-05,0.0,8,0,0,8,361,0.653394376097097,0.0443213296398892,session_9affad06246e4c8b8c80c8af6fedef5d,1
0.47700772167055305,0.5826670523231351,0.16171906100203068,0.19510312492466678,2.222995101962931,4.887589255709032,0.21274019793836005,0.4271166087962963,0.0,0.0,0.0,0.0,0.0,0.00012946039239193925,2.9088044759889968e-05,0.0,3.282734596837014e-05,0.0016779132864726586,0.002178039658326207,0.0031045599931213384,0.002309545303865326,0.004197417254325741,0.0009204672118443874,2.414018487353084e-05,0.00016288685291857417,0.017778848471243513,0.03908368237954089,0.04210800234010015,0.013822647133548792,0.021569053758053493,0.007458955591273801,0.00018455827262960016,0.00043273631361011024,0.025718831075435836,0.06332213237018851,0.06360120612916505,0.025045736198786705,0.04180279479090964,0.013246329917182121,3.056517203285313e-05,1.886177902399115e-05,0.018420396867531597,0.045136733023355594,0.06019655171972115,0.028845455011599477,0.048411214300674445,0.009550671105403133,6.0634525120935406e-06,0.0,0.009011870855857458,0.031584792704090335,0.04580669804291586,0.037835602799939166,0.049880687368677706,0.003370814766463286,0.0,0.0,0.004747166838901772,0.022091244072949344,0.03518155629551024,0.033152975060348394,0.029331471202649756,0.0003406069559348763,0.0,0.0,0.0008063255589335975,0.01555210493115492,0.03980726815206585,0.033956470319472264,0.0068969654764987395,1.9130347619075362e-05,6.787554762685972e-05,18,0,0,4,479,0.5948839890474132,0.04592901878914405,session_a0aed977e06e4d02889831920ee3a364,1
0.4665638705197111,0.5800800441982352,0.13537677595849779,0.2107678538576573,1.314651146441305,4.740045893026087,0.23279437585817,0.3507296489197531,0.0,0.0,0.0,0.0,0.0,0.0,0.0,0.0,0.0,0.002184464938310474,0.0047583813697192,0.00487570102372266,0.003403406914064136,0.0026066471569071254,0.0008422510515665156,0.0,5.6994532631255924e-05,0.018813612990965397,0.0497936793905991,0.038884998074612064,0.03575526122335842,0.025212168869088693,0.007485411252202786,8.377300114281997e-05,0.00018017281261277103,0.01275301155111042,0.06701117795072138,0.06110790335733644,0.048877392962803065,0.02966196918558023,0.004488082023224851,0.0002809064022034747,0.0004191191470236501,0.004931839501416483,0.04026727265725619,0.056063385624780394,0.05175570380376107,0.027359261659036876,0.006108808033519152,4.447472917130391e-05,1.465994080353356e-05,0.002305168684488473,0.028630035086080405,0.05530786363906252,0.04538496971110433,0.01783973011691022,0.0008482701878453387,0.0,0.0,0.0001923715954711858,0.0245206904933775,0.04664434690679329,0.0355344124253592,0.009588537595598764,0.00023399726680384679,0.0,0.00015891857361932684,2.998867452693635e-05,0.016944898565983583,0.07727831297039467,0.028324463600992153,0.003768875493055876,0.0003822552812804581,0.0,15,8,0,6,423,0.5162852706369494,0.06855791962174941,session_a3191f6eb01a4042abd63da8edc5b6af,1
0.4652147436411681,0.4174854602492058,0.15941769989081755,0.24557771768461,1.5798475260334617,5.01928407816488,0.20262784032665446,0.4463816550925926,0.002268842954064563,0.010843680554975624,0.0168982432746398,0.01465048918990664,0.008675350252067412,0.010995125878521668,0.004239369995720509,3.207011131287643e-05,0.009935872834625192,0.04913364623328699,0.0613655849811404,0.05866360765023769,0.02528744246320023,0.046117919131485025,0.016058042054324158,0.00010606433123423777,0.0010103963804699184,0.01814565224401868,0.03604295369632973,0.05690996248614229,0.025953334080258187,0.0374654613402464,0.005897753590154555,4.980542770382859e-05,9.249982018098833e-05,0.00932257657586858,0.022729761845794037,0.04796352867453563,0.034575835343969935,0.01787988552191443,0.00262189598967767,0.0002680869674159872,0.0,0.004139148549441342,0.013994254302324262,0.04253329042413812,0.041523964926119775,0.010392021790466425,0.0034535207566750194,0.0004193350231420046,0.0,0.0007623367936394768,0.008619072561125572,0.03899685142711197,0.038914083486052284,0.005009992037801099,0.0017965180369811594,4.6996709694880136e-05,0.0,0.00013461180290378418,0.004945541822886732,0.03974392344896368,0.04125382073715208,0.0014704812990059646,0.00043979451419046535,0.0,0.0,0.0,0.000867086006073538,0.01970593736966527,0.028300257516230373,0.0003364167827908739,0.0,0.0,17,9,0,0,504,0.6662347474594842,0.051587301587301584,session_a537888910834ab98987d517c797cfe4,1
0.36889622793004606,0.5259555323436227,0.19284857373537417,0.05826390468522237,39.648329129639436,3.710563211332989,0.5457838421831053,0.14146604938271604,0.0,0.0,0.0,0.0,0.0,0.0,0.0,0.0,0.0,0.0,0.0,0.0,0.0,0.0,0.0,0.0,0.0,0.00033287159051551235,0.0003613054925324877,0.00020189414824582823,0.0014026047269177465,0.00016751130928203893,2.335882021489106e-05,7.494988356720442e-06,0.009440593226647944,0.05985527950508878,0.06412994360441385,0.064853226785744,0.07651405066645739,0.035413551106998016,0.01783229140111413,0.003970898607091704,0.04321603564522355,0.19832801261981267,0.13152309758794134,0.1068726522495132,0.07811216367710179,0.03814861688056232,0.014653340823840382,0.0013156225302038789,0.007493912842696159,0.029585239779969998,0.009948235846109404,0.005081198788097353,0.001097427622527515,0.00011756712677940854,0.0,0.0,0.0,0.0,0.0,0.0,0.0,0.0,0.0,0.0,0.0,0.0,0.0,0.0,0.0,0.0,0.0,0.0,1,9,0,5,103,0.41065142471117877,0.14563106796116504,session_a786863df05d4a28b727837d5e142a90,1
0.34883747076700883,0.6079229688650989,0.18483393398235226,0.2049004605591521,2.589696256719443,5.03055334092095,0.20412967507819102,0.4494015239197531,8.13256564064656e-06,0.00013722874180792288,1.7650609208404434e-06,0.0,0.0,0.0,0.0,0.0,0.005199897941520476,0.012622975519013079,0.001251864713318663,0.0003309584122324264,0.00032192433698167316,0.000123136723165729,0.001168745527266827,0.00015071342766015012,0.022022019818236874,0.035850484498309756,0.014939276352921806,0.007293630287056128,0.011306496290586877,0.008530994930014338,0.005387990804488102,0.00015414865375339872,0.02761291671202288,0.0581179237011422,0.041232496870646625,0.02374228994581728,0.046526721186108795,0.02372723948011592,0.004364976678088731,0.0,0.018666069633228595,0.0664613287156556,0.039369323235502046,0.024280130579206922,0.04414212388205335,0.014139722734930771,0.002836462389365436,0.00040070678733015357,0.01155246607052335,0.04573943758839005,0.036730803887791506,0.0266608940950257,0.029171010005532516,0.0066572593980692455,0.004597091678754091,0.0018427520700819526,0.004263381289817129,0.029987976993360876,0.03703075985901111,0.03710161851436549,0.022733168556988394,0.0008671193908748191,0.0005478521348492499,0.00021967416804588938,0.002680017258499976,0.02879484325874695,0.05073384827625527,0.04556593969153131,0.013625245434805155,0.00047402324256893457,0.0,0.0,7,8,0,6,422,0.6573920993963069,0.04976303317535545,session_aa170149eb8c473693a5fd1c40609634,1
0.4409128929117515,0.6811416647781222,0.14317937197483274,0.21402599940598455,2.276304973470644,4.55088041344921,0.32345414795988897,0.2834259259259259,0.0035221382580854902,0.00010075593562858505,7.400981453445155e-05,0.0,0.0,0.0,0.0,0.0,0.004321552242280442,0.009233582475926032,0.009809906427721539,3.739057592034955e-05,0.0,0.0,3.3938841474891806e-06,0.0,5.7696030507316065e-05,0.02531677521535882,0.021418667870775624,0.0034221150928978403,0.004594875616749258,0.005164874602633535,0.001616414458972347,0.0,5.958580690762254e-06,0.04283565808291016,0.032919094989167244,0.01902569029530591,0.03273837065831344,0.013483477482456077,0.0001923908076107929,0.0,0.0,0.02056230990994695,0.03853560686804137,0.029567190874570583,0.062005202785831236,0.013322692220968777,0.00036690587314929906,4.4698996897045e-05,0.0,0.008912590455931119,0.04345689314936193,0.04767923213062628,0.05953960380297831,0.011895313252325047,0.00401617980273704,0.0004908983451285913,0.0,0.002212253244615916,0.048787007486426344,0.06258846877338296,0.06685004954010267,0.0070388578715945916,0.0002103629668463606,4.647307270141435e-06,0.0,0.0002098808810299559,0.02349983234019477,0.10678833329955519,0.10300951326938317,0.008507406968959285,3.2781835515520494e-06,0.0,3,8,0,2,225,0.572950932692497,0.057777777777777775,session_abf7f2b46a404e43bb07a037544a44bf,1
0.49423216961408467,0.6407168353380266,0.1986086288611615,0.2421708748160571,2.261071168364857,5.198137670217599,0.19789498493682606,0.46037181712962966,0.004207938972228885,0.002384062787380471,0.0009053128356755894,0.00020401623186677646,9.244715337294088e-05,0.0004952578606311726,0.0048545542247785236,0.0020465485513523713,0.007692345973873763,0.004479666431254522,0.0016717710766271435,0.004106923725484466,0.0016380748124237207,0.004582839023397196,0.009595590405618198,0.003687638744275925,0.004508471895378946,0.02700113888224797,0.01975551049754465,0.017687609129807276,0.0055565372566686,0.01464913522809711,0.01649319975312124,0.0031373072877677144,0.00132375203942686,0.022068883450199347,0.04001548434659597,0.03807987973387772,0.011007425877044256,0.018387778030339728,0.02351533450915195,0.0022698705730046665,0.000702865582280271,0.012218199208881831,0.042374222840835564,0.04452881026912099,0.017373347645031956,0.018758547255376155,0.016004855203879925,0.00025999689342262654,0.0002739583502897413,0.006082059241096881,0.03641974116169912,0.04626478688663483,0.021581629831301474,0.021103250746882782,0.009332038795346175,1.4206609753280097e-05,8.758086858255935e-05,0.003951496795655656,0.02915640048097035,0.04572771820126817,0.027666716710542497,0.03565588154134092,0.012284954339784646,9.860049081569033e-05,0.00017023416415319585,0.0014795221832963022,0.033258188253489654,0.06996415766743108,0.0413384396391428,0.0617224976215267,0.025481705809083953,0.0005610814105665601,14,0,0,11,593,0.7776926461833151,0.04215851602023609,session_b2aaf02d12ed4689b06147357e085e26,1
0.5065208563305228,0.4763219964844992,0.16614190081515876,0.21376392662377514,2.149725055096534,4.970759169162042,0.2255650370534505,0.43092158564814814,0.0,0.0005738066240974416,0.0035329364641670234,0.0003087719252240932,0.0005924465711757256,0.0021768857772778718,0.0005193071774230689,4.370444801473364e-06,8.932096563011189e-05,0.010511782910391732,0.02885307564316695,0.0137936045423781,0.020279027770516465,0.021187643244742777,0.01639641201778356,0.0012327385868155809,0.001327293160095457,0.030305789642952687,0.07591636345340093,0.0560610503063873,0.057020122565846626,0.038620659212763794,0.01548718468128504,0.0017943407438049082,0.000851373573439015,0.012819967775617868,0.059228715920159186,0.05634595960299535,0.05487907443594083,0.02247324236143218,0.00854212177337572,0.001212372314040715,0.00016925640104905972,0.001702026023485787,0.01853190968279148,0.024115666443937873,0.05172908727139091,0.034932943445952595,0.011731082379442783,0.0003406761722748487,0.0,0.0002402761290730019,0.008265417986882437,0.012392418086801731,0.042271936396042716,0.03550973289862704,0.009996638581642067,5.692504353919057e-06,0.0,0.0002702573804111092,0.0026781430176708557,0.009745447266677386,0.02873217821384619,0.022747618886068677,0.005694929950783875,0.0,2.1830371783359455e-05,0.0007846150290965094,0.004233890253651329,0.024087968750008536,0.03226578117084544,0.0033796758910913565,0.0004851412251875508,0.0,21,9,0,4,692,0.6012001363141319,0.049132947976878616,session_b415554bdb004975a14f4b4f60e8c402,1
0.41669086061705785,0.4347679260508067,0.1618183675271512,0.2226649951997016,1.7274007257676423,4.839383181607067,0.26154036759107663,0.3668499228395062,0.00013530070614103246,0.003507097226058204,0.0053472725986451145,0.00014524991812985005,0.0002597516250701216,0.00010125038579999291,4.11834479019878e-05,1.9383809564420496e-05,0.00809802958572582,0.05459733001746301,0.041746536133958366,0.03269039457474045,0.03627276845357611,0.017110085843545012,0.004429214780314895,0.00042091170547519285,0.011203170070528906,0.07002564166377756,0.062117890757337875,0.06932366471961827,0.07531862244182852,0.028847468559525212,0.00834628815556748,0.0002946739309446638,0.0016930242400971284,0.019763966667338047,0.02540272544653486,0.037206479126974945,0.05499745701858225,0.009708615455794914,0.008076001229871269,0.0003136288951647387,0.0001674498121221399,0.009701024893199997,0.011588144536147938,0.0262971110018572,0.046907718442847114,0.003819268047052168,4.688709098178409e-05,0.0,0.00029061419501819226,0.004577080655045253,0.014138502093815952,0.029594674392668153,0.022434329447198767,0.0008162785232722003,0.0,0.0,0.00014137601518592825,0.0015577378288009075,0.024836635297153874,0.044025491768034865,0.013957543653346926,4.457132612231793e-05,0.0,0.0,0.00022974674581074207,9.347399022252628e-05,0.019234356961916062,0.034096020959901975,0.0038428831306807983,0.0,0.0,0.0,5,10,0,5,373,0.6905271275866038,0.05361930294906166,session_b45e66bdac564d15b36102182255ba66,1
0.3581617193598954,0.47284843431415724,0.24576587176267808,0.17383014341403177,6.494608589592534,5.175395434572915,0.26087275136739063,0.41642698688271607,0.00010725513955557452,0.0003099808435529117,7.244412491016975e-05,0.00023527283973929914,0.00026490484374258133,0.000697879437035961,0.003094955051304613,0.0010761798042092084,0.008034878372795791,0.008187969307136141,0.008324778920595565,0.008606197675517369,0.005991107421643197,0.0069463557767568546,0.015870488884028956,0.005443171196910605,0.05322484742929263,0.0659765174974115,0.036204680206792,0.02734201296235036,0.020696489477413326,0.008723841848396962,0.017187585719216185,0.009244409948029714,0.06413158023926471,0.07754608613947585,0.04383316130438004,0.03659157090898242,0.02192444220427252,0.021077162265629223,0.031314205582719176,0.0047453537839541905,0.03439998107025092,0.03548476671549719,0.03328971903433098,0.027227237403149786,0.028833599039321436,0.02287153439292583,0.020149049445317105,0.0015956624824498991,0.0197657251277006,0.024784512066335,0.024402195640011125,0.016344352851763288,0.011071840909724542,0.004947350705016858,0.0016425216745471877,0.0005342444091727287,0.00659973420821192,0.021110221100027443,0.015539094227012658,0.005545914084679181,0.0027599785036945108,0.0005194516662009175,0.0005251578815191843,0.0003703457789714243,0.0033301968790041387,0.011706300725424331,0.00773787606788796,0.0021041668986108808,0.001446665137359612,0.0003048793630102221,2.7957353855529978e-05,0.0,9,8,0,3,407,0.6618146123739967,0.04914004914004914,session_b48a01f38b7544fc833358cce2769b52,1
0.5285083203465567,0.5230931678657674,0.15959392273612494,0.23742788841307505,1.468411665115875,4.910545127138657,0.24821110292885104,0.4010450424382716,0.00010414552793068701,0.0001798775001590526,0.0002756958870126236,0.00036699905041052874,0.0005838423052159678,0.00043464300554541175,0.0,0.0,0.006097478723134754,0.011332310642253682,0.022312054069814947,0.01729101305818096,0.022946562527327827,0.016466232240279318,0.003752671137975706,0.0002581554395072797,0.005408632856870356,0.016414778385448085,0.04902646507502086,0.05376194985184651,0.05938881850907406,0.06064390996858234,0.012837877441559611,0.0005318680040674146,0.00012568075257437717,0.0036121787645327424,0.017769387620497915,0.03345140572339316,0.03799109015597312,0.05765367861936339,0.005823878687508094,6.670152531703374e-05,2.24635883448551e-05,0.002028671612679012,0.00967731948541025,0.021539767999379178,0.038506810258086936,0.06950500083503501,0.014669018577640752,3.8105110097816194e-05,0.0,0.0004144159297533632,0.007919997329688408,0.01627020683816667,0.02642353777829091,0.0599565410445698,0.009908608642050485,0.0,0.0,0.0,0.009039786812810244,0.023006892101786865,0.022382412785469905,0.027587086950417655,0.0011494408570923759,0.0,0.0,3.5446614044480185e-06,0.02514511063120334,0.06927397893461179,0.02102098148382818,0.0075480048078549475,5.231188794897691e-05,0.0,7,16,0,4,463,0.722029006145184,0.058315334773218146,session_b4b56d4c2bf44065bab2029f0e2cad44,1
0.4302754770050416,0.5868040694180264,0.19647693054194476,0.2586134824068284,1.8392129271525521,5.3698835361697785,0.23077575571290382,0.4989226466049383,0.0020879810145527015,0.006674549457107199,0.006580494570322553,0.008606134556994488,0.002691868346740922,0.007044211392617373,0.009927961700950026,2.6829999576815464e-05,0.00617271105254588,0.023048930674628598,0.01658573616297731,0.023420716027237495,0.0029979152041110955,0.00969489793833187,0.009084253143494182,0.0001312021953234961,0.010770171375747949,0.036574385624236413,0.011125543963252594,0.01929303051040602,0.006291197726654665,0.01836178720572749,0.01019372608688853,0.0011290708341466853,0.005743506003449728,0.03664840544616016,0.01404796544415965,0.02189158092100244,0.014183589343324018,0.02645148174293473,0.013286345693602705,0.00044594257210962086,0.00436607031288526,0.02409671210596061,0.02027240043909268,0.02522367201369739,0.01907384390306246,0.019621673023844374,0.008088945095878278,2.0722052745780656e-05,0.0031021125302143518,0.022299514327044904,0.03246009012581571,0.0313934477543715,0.01726220688787543,0.009472138993986932,0.004363409796167447,4.871368638248617e-06,0.002484385514817979,0.020839028046542706,0.05256446581895526,0.08302281064580408,0.05651332214400775,0.026897499259177247,0.006374635527945693,2.498137763204419e-07,0.0030051972756908363,0.01359436607980581,0.019872086353227986,0.04344319027381039,0.037139889069693,0.010001282044300076,0.0019115750164040216,6.245344408011048e-08,7,10,0,0,366,0.7460902627768968,0.04644808743169399,session_b5231ae90a2643f5bc20c7e544366111,1
0.5099468530682659,0.5085975124437846,0.15419149846295496,0.2041561103649103,2.3510660234367577,4.860169146834463,0.26930517280110183,0.35103877314814813,0.0004873239083039838,0.0012419928153015408,0.0017434702823598902,0.00045874266478471945,0.00011904282699517928,0.0002947287443773509,0.0004985197916815452,0.0006580467021270303,0.002966562830619414,0.013401486830625762,0.03680741883092759,0.01522282332766181,0.01121528861357019,0.011454326494755031,0.005006998148495214,0.0014110131423223293,0.001811006274744381,0.010791157964536462,0.07092258840167079,0.02685971774543187,0.025542340277233733,0.02950070544164658,0.007896675847002483,0.00267438778644545,0.0004474025045595091,0.0047661135236604655,0.052436554616938476,0.0667736046661441,0.05753042185540315,0.05838166968421694,0.010860064586973618,0.0014706139080861258,0.00012705019203969805,0.0010707939078812526,0.0182273742522672,0.045096195866785725,0.06147052157090363,0.04900169799421998,0.00811001802162104,0.0001715307441698808,0.0,0.00012801684691894627,0.006861749163446768,0.02970433778441836,0.05564802739644205,0.034665095203242076,0.0036936604320312494,0.00014919668815381758,0.0,0.0,0.0022021408087207852,0.030792242926430784,0.04342598936766199,0.025669606884544904,0.0013340270164168297,0.0,0.0,0.0,0.00014726337839532117,0.012351598637968848,0.028052324595783162,0.010243656183078086,3.0730968549234257e-06,0.0,10,4,0,0,283,0.4539118437641237,0.04946996466431095,session_b80b18e1ac0848909db3a513e02839bf,1
0.48835004030817797,0.6425902933896672,0.1901840309060823,0.19125642385770103,4.402097740423369,4.934898912554083,0.2056301365038483,0.43244791666666665,0.0,0.0,0.0,0.0,0.0,0.0,0.0,0.0,0.0003041046626945562,0.004082370885937777,0.000942498990075529,0.002663860439789065,0.0004418419560720951,9.393697013951107e-05,0.0010273785159599165,3.829005403990002e-06,0.003937587833885384,0.03468659065980799,0.01662339372251474,0.01249203294763911,0.0029968575721944393,0.002374197152806004,0.008322877751402776,3.210922298168266e-05,0.0015456450875065734,0.04198082651783329,0.056998030219676844,0.030108451038643954,0.011760051508480411,0.008916237532991644,0.011849041870115783,0.0005788115047112704,5.404339860809239e-05,0.019743168199149952,0.06288365856684953,0.05179849355654193,0.0238823424774388,0.03331002434392227,0.023947853455683208,0.002233835921715071,0.0,0.0045675952788713226,0.034361397312528005,0.051339255865258816,0.04418930742660671,0.0515027369030911,0.013459867514080633,0.0030479952027421433,0.0,0.0023184336172524644,0.025024552282367107,0.04586251476013555,0.051542931741545166,0.04907321353768379,0.011827136849352856,0.0013042428178743103,0.0,0.00015091529167147397,0.006430202323868084,0.03697633589139401,0.03409473721283237,0.03457462626574868,0.024601388875499248,0.001134629540422946,16,7,0,1,580,0.6673477228903119,0.041379310344827586,session_c43f17ea14554657aa7479a7182ac0e7,1
0.4753531841382077,0.6577190210444646,0.22615072681880746,0.20701547313385538,5.289091510247681,5.185635233452797,0.20515026009688925,0.5006129436728395,0.0,0.0,0.0,3.8334579673063364e-05,1.73969053306124e-05,0.0,0.0,0.0,0.0001813136825257272,0.0009258288805970582,0.0016322068173922706,0.0033953563154235865,0.0012288551276380907,2.2176395389936286e-05,0.0002789534026137957,9.438396653848315e-06,0.011857004980129983,0.026493710952950184,0.019573864393435957,0.009785490676206968,0.005214642897385631,0.003855426082166165,0.003355015665381587,0.0002950567762311048,0.018341490421052355,0.06056231073260473,0.03988338658134707,0.024638622044075867,0.015170835911215973,0.019652068251424987,0.005357326022642878,0.003829423902302137,0.005665208494675379,0.04151034253695398,0.0424796253134115,0.027641358598112422,0.023411466047078132,0.029435213031134947,0.01872370711806714,0.0036686313330586444,0.0007255287834319986,0.019287007292811215,0.03617958872509964,0.024263377263753123,0.019546415211994336,0.025919558266374158,0.019450069023619572,0.00715227666898176,4.180957588592041e-05,0.008265251086947574,0.03910050391720318,0.02936236965626291,0.02823188871163485,0.03249907443969167,0.02987356681208046,0.008474825148769027,0.0,0.0033057079904117727,0.02020979966252196,0.028720306554738464,0.04751234064881424,0.06541657350223744,0.031241673917295595,0.0070893978731554255,8,0,0,4,369,0.7310614019492166,0.032520325203252036,session_c633edc8afee42b6b63aabc6585477d5,1
0.35477106324710034,0.6637009260979192,0.15915740058503822,0.20651116055805296,1.8867092377199344,4.937058727635675,0.21111243930993878,0.4443552276234568,8.849716888818371e-05,0.0,0.0,0.0,0.0,0.0,0.0,0.0,0.0036487700764596077,0.00287214998308762,0.0014812967338364627,0.0007862011835304973,0.00020196536751933186,0.0005724274986116198,8.747384826392402e-05,0.0,0.007328279901867565,0.03233182515604009,0.02369486866407148,0.011069198997286244,0.00717179210679695,0.007966300245983203,0.0018740813001148075,3.6769314587370287e-05,0.007264422688402733,0.041932338341300605,0.03989039232858665,0.03958742922847494,0.014814723035514092,0.012653339453860806,0.001671293263074012,0.0007998956212963255,0.00426543111068261,0.03874725289829231,0.047775007510621595,0.04359015788282186,0.019576304128080414,0.01170025674813486,0.002535266814048246,0.0008424336550890814,0.006572276709307869,0.03896808950202961,0.05974133765361911,0.04150499162256564,0.017256897770420124,0.00789289204002528,0.0008036176992531917,1.0433857345392933e-06,0.010939989719640749,0.03862649103207453,0.06135792339351579,0.050512861710607836,0.02041407264502949,0.01282239804052159,0.0003739634928360784,0.0,0.010404502089053875,0.03571639792544818,0.06513179943256871,0.06109180986843257,0.02325741916231074,0.00770795191857819,4.343093120019808e-05,0.0,12,11,0,4,683,0.7156750304885957,0.03953147877013177,session_c7afaf7caec5457188057d2c296c91e3,1
0.44147556323335374,0.4994852045374247,0.17058353977582852,0.2186793200227364,2.0455357720669474,4.993642825065189,0.2286839816305638,0.4155521797839506,0.0,8.656520777630038e-05,8.04751330343326e-05,1.6870344570087565e-06,2.392956676608165e-06,0.0,0.0,0.0,0.0007653034395294404,0.01959830321663749,0.019283725131930583,0.01387541571191185,0.012311307439380454,0.009275542775518422,0.005857898120419873,0.001932228762877412,0.002800740423868963,0.06499736960219715,0.07521923102504705,0.06085127304038893,0.04499215606748583,0.032164616084260696,0.016531286538578955,0.005027781449304501,0.0006274212758232779,0.03632943753206338,0.0519641190982674,0.042831782815060594,0.025790736680447186,0.015213844240272329,0.007889434585376524,0.0014637357047310657,4.081187611955226e-05,0.014794813596631474,0.03688078671513728,0.03626760353153982,0.03040325639287649,0.022505841296983475,0.004121712333273585,0.0006213312010813102,2.225449709245594e-06,0.006620545378038279,0.029260440108045346,0.0396069147498296,0.03182324884955916,0.012941085777530191,0.004128496365451769,0.0002993588802436815,0.0,0.001211278775348904,0.011025870936623463,0.033584536752243065,0.027554896131143022,0.0057457881001207805,0.0004883545985621944,0.0,0.0,0.0002715527236614946,0.006248057741757452,0.03660469933857361,0.03481084329552107,0.004369838011071086,0.0,0.0,16,7,0,3,695,0.7280168930368361,0.03741007194244604,session_c9fe1895ac6f4bbc97e7faa4dfd0fe4b,1
0.5144115448875908,0.5379859080884031,0.17900526277179335,0.227727035543648,2.17423328872252,4.9826657408393755,0.27274594829206344,0.40456452546296295,0.002519232116233414,0.012028886616323592,0.005155146268233033,0.006293622256193622,0.006432039547740579,0.002561792315877537,0.001065488924228666,0.000308895020622493,0.002549284879533249,0.01724129524516776,0.012486112599374107,0.007902355404652166,0.00817866624664293,0.014840316388010005,0.013642844705787376,0.001890431041795999,0.0008363397215739921,0.03072567085717327,0.0244106375658818,0.013609873956341416,0.011526531608218262,0.01904537135507523,0.020852614851654135,0.0002658360199277504,2.5850364448364135e-05,0.025131342733895886,0.05867101218816626,0.030750373979205207,0.011973669340019994,0.06509325029526217,0.024245222667470052,0.0,0.0,0.006055419814470201,0.03374258172166245,0.04085082091367558,0.026086621565990138,0.07536569630201247,0.009249928793032517,0.0,0.0,0.00011496117214156728,0.011463258694947156,0.029469016430294617,0.05385834272128869,0.05739300907632109,0.002081209973631755,0.0,0.0,0.0,0.005660531492720878,0.028017667483332842,0.061461317735358935,0.018979916187207665,0.00012256788816351717,0.0,0.0,0.0,0.000869971382412023,0.0285285769294563,0.056244943638162334,0.0021236330029869577,0.0,0.0,5,10,1,1,281,0.6211376946050413,0.060498220640569395,session_ceafb8b8801c47e2b8f93216e5d42349,1
0.4786126016384929,0.5713801812611383,0.21089322734276103,0.23299065474958908,2.967244199777688,5.343996332616125,0.1693185270021256,0.6112345679012345,4.265552679017997e-05,0.00024133518180144854,0.00022326001848839842,0.00012892687182333265,0.00011067358993436129,2.8104013566006375e-05,0.0,0.0,0.001448909427974207,0.011125139110607795,0.01368939608385711,0.012117337021348146,0.00857285480337475,0.004909102838107314,0.00320583233943168,0.0020165113751478927,0.00263648792792833,0.03933490090071001,0.04549943767191153,0.04043850810854614,0.022855896867919594,0.02215946098035349,0.01369753532834812,0.0113738468525952,0.004386603612071248,0.04849677834608446,0.04693745863389681,0.04157364230432033,0.021639982025822176,0.014425335573848178,0.005231048291941984,0.006341834452816327,0.002946724021467656,0.031234331373533365,0.031663519698644435,0.03338300673201481,0.024414101402936247,0.017197317528051197,0.007736549367995022,0.0062108940666564935,0.0006616408109741859,0.010216037387677651,0.02108543694469211,0.021107786953827267,0.021337993596776593,0.034260008389849585,0.015896037422372052,0.004017123731323338,8.054831774594443e-05,0.0033925780498562257,0.017853413430314095,0.02076951654529512,0.022174221589297223,0.0346673345958378,0.01829328112569453,0.007352130759727458,0.0,0.0006440535376734418,0.023663246418283254,0.046081095498011176,0.03396251939091749,0.026164836629951938,0.012083781030501768,0.004560137570733984,13,0,1,21,819,0.7448600260527375,0.042735042735042736,session_d41c589fab2b4f0694464fa1d96c1bb6,1
0.5121787458440279,0.48417112101732607,0.17410661723502488,0.17655878076909273,3.3910777346571748,4.687036915550891,0.262009089260057,0.3519719328703704,0.0,0.0,0.0,0.0,0.0,0.0,0.0,0.0,0.0007682925013111442,0.006721716768855794,0.006018174750180417,0.006186286327133544,0.004782160813859264,0.0008214086192242323,0.0005247448020198755,0.00036756852924815,0.007899072035829449,0.051790798992618806,0.060140677695004155,0.05189192558984887,0.04523748091486702,0.04246770318453659,0.0238400866056118,0.002675704154632891,0.0009737039514309714,0.023195789967809636,0.050408419255467816,0.05802118854997255,0.0731056667083315,0.07605190729243853,0.034298531632071305,0.0013721809431827185,0.0,0.0029313730643809417,0.009607713314173498,0.03643317541097987,0.06974194966561875,0.053673568761860545,0.004356545293237235,3.9609269597703516e-05,0.0,0.0005415846711302764,0.0022281556095283,0.01926529710803273,0.03708718399701621,0.03334456365770745,0.0010310893319354286,0.0,0.0,0.00020720903436882465,0.001413937327300058,0.01602736102985399,0.02296800858036895,0.011343380772372269,0.0010076458373547519,0.0,5.3528064303483355e-05,0.0,0.00021276406902718522,0.013888697652833078,0.029004895683252475,0.003996616497047324,3.2955711231622213e-05,0.0,13,7,0,0,348,0.5215090515750784,0.05747126436781609,session_d5b12b929cbf4287bb982ff203cc81a9,1
0.4785532593239772,0.5942078774656586,0.23530838106161073,0.2498873571219671,3.532908020454422,5.319485199758857,0.2300295628087095,0.4745630787037037,0.007118207022912669,0.0001826539359529836,0.0003622493416327091,0.0001264565504443398,0.0003947244679487661,0.0,0.0,0.0,0.008593525156063372,0.00489515283624972,0.005332572397525186,0.006056573758794953,0.010195299839658415,0.0010994546018870286,0.0010173840395546045,0.00024982970451563894,0.020706921334651105,0.03637825853453033,0.02559952539567311,0.013604703213898638,0.01978782055448717,0.0313746024718793,0.025882315115450565,0.006083093454213081,0.014716441669078264,0.06315863770972877,0.03863661014983466,0.03503151057030549,0.02396788652623918,0.02840566475613791,0.023853216507091785,0.0032660254428938332,0.004196365700159496,0.027352572997295512,0.03383685610540083,0.025886840745610998,0.014493293289629339,0.012427790711188855,0.008392370841872145,0.0043092950923221095,0.003087810105752041,0.005655284640503584,0.02099075543061943,0.021891529895243598,0.013853264747325365,0.011731229091029171,0.008116195504636856,0.006085642229440796,0.0010564984145126119,0.004848280238159547,0.01420999381480634,0.026479785327976645,0.015548871658449995,0.019824871043163224,0.006745787446468882,0.0066062140283892285,0.0005506970788350351,0.0027115362838419535,0.007192345299414448,0.051614351956865076,0.06075817633416696,0.06409147701002257,0.023822929597556598,0.015553770280107165,4,10,1,0,372,0.740067695164438,0.04032258064516129,session_d7b0aaa7c51d475cb0ce12af934793c0,1
0.49399655871152637,0.3452181589768637,0.21124848041085872,0.2172931301349909,3.2003033787901245,5.155172959106662,0.2648217345751002,0.3970143711419753,0.0004334511918125454,0.00662957031837838,0.02218654699839872,0.012092823767933235,0.01014419917650909,0.014822444417202967,0.007044827948471142,0.0004571846082035773,0.012091342358327553,0.0814231945289568,0.08656569193618137,0.051579503611738346,0.04296843992630975,0.06728817046284051,0.02974327912238332,0.0059790000312330525,0.0018498330883452198,0.031595056560836,0.04283906348741351,0.03349931602083998,0.03014359920561879,0.043692015930585096,0.027413777948798287,0.00449164935577817,0.0,0.00671837773796901,0.018669125065907295,0.014251036955861277,0.027761168501330737,0.02747528731013421,0.022078759018235288,0.0013516165203342604,3.039975961660132e-06,0.0039044093292757522,0.012905130035048916,0.014512798946915291,0.020092697971567552,0.017639915742359662,0.014806642714742359,0.00033657317614096006,0.00018483671100895968,0.002413617462757671,0.009433570074933402,0.0070168972048640105,0.01127770899510678,0.014815839799377634,0.006366620113369808,0.00022630074861799916,0.0008870557268023909,0.0012474086133845606,0.005863743277640974,0.005082778082495504,0.012098039564253241,0.015623115446374021,0.005305220993598705,0.0008953577931342343,0.00229726508331139,0.00048607209551437814,0.005266642618450734,0.002220000313565033,0.010426237961540878,0.009272312466814881,0.00132613936138654,0.00048665848681662727,7,0,0,1,367,0.771946992444415,0.021798365122615803,session_d81acb3d133f42bab42f0895ccbeecf2,1
0.5641597206880545,0.4995384038272335,0.15969592875756802,0.23066562582765412,1.9116379843671762,5.000108840908256,0.20769261025357963,0.4291603973765432,1.4203570821407797e-05,0.0011067313125803868,0.0030324295928994384,0.005838607228437559,0.011518363905973236,0.0017658534794596698,2.5216801119853226e-05,0.0,0.00034559472973226925,0.004322747521258375,0.016177309948574334,0.014438672695973221,0.01759402873142009,0.017161890552090612,0.007845375120675723,0.0015138930589116044,0.0024929233439838264,0.015230456214324454,0.057757476868938624,0.060032462807403514,0.0557101632449172,0.04380278538579302,0.03084921620325878,0.004132310414014423,8.251182064867053e-05,0.001420389859611906,0.028561479828525752,0.04339832231791787,0.050678231432545934,0.04353267717206468,0.025272140416938173,0.0023530072455692505,0.0,3.9922959831864686e-05,0.008296546084905888,0.025481741418967318,0.03865625260854041,0.04165182939807015,0.030015816222400824,0.0021162992749186355,0.0,1.6388735563162843e-07,0.0032991289496306416,0.017022804816277905,0.03481022062734332,0.03369005055160114,0.016882582794799483,0.00026435030463381665,0.0,0.0,0.0016712686236128027,0.008176919241118507,0.03847310302571021,0.03165342238316689,0.005541402971911456,0.0,0.0,0.0,0.0003954820407865369,0.00488952462615109,0.05535286695799283,0.03264291960735212,0.0008124661026319435,0.00015544169390474516,28,0,7,10,891,0.7276206668831469,0.050505050505050504,session_dacff460d3c44787aae4302601fe1a15,1
0.42654198762820134,0.6354050181860085,0.14043867140380753,0.2252622977821869,1.8830801138982647,4.614241273725698,0.28319758632640535,0.2952266589506173,0.0,0.0,0.0,0.0,0.0,0.0,0.0,0.0,3.328384908591287e-05,0.005149917655079828,0.002229357293278121,0.0038230184765336924,0.0006476037669728786,0.0009075734951004057,0.002529437023764651,0.0013829820407972588,0.00027997391427025633,0.04870965123048696,0.03684801576512802,0.03196253956141169,0.010592072586637647,0.005202562033176019,0.006640339621959502,0.006041501351942522,3.712885353502341e-05,0.03231180824749389,0.04893535468548431,0.04131027046591274,0.026828916594790208,0.00542320092284172,0.0008021492321432954,0.0007257742318743992,0.0,0.015508003935726229,0.06855815703889127,0.05903807846800388,0.03504858755963547,0.0056907082147571505,0.000158830866604888,0.0,0.0,0.0039945022872949045,0.054852325320643304,0.04612032021671326,0.026297848645482003,0.007483920047417882,0.0012091946150356984,0.0,0.0,0.0005853045318899334,0.03356201059720491,0.0633834755225577,0.03885270284248983,0.00962824684583021,0.001129872342634004,0.0,0.0,1.56679696714857e-05,0.015643205810231958,0.09303079731689153,0.08957498523442069,0.011069022521783264,0.00020979834848759121,0.0,5,11,0,2,267,0.5533197358814006,0.06741573033707865,session_dcb2051fad5a4297ae5b057f91b54b9c,1
0.6698618688467103,0.5308380442237847,0.1796435175544925,0.24832481866584946,1.7978477018890104,5.2314005142238065,0.1647646813912193,0.5413541666666667,0.0,0.00011394768705708604,0.000794188288698842,0.001884268075021701,0.0008952935804167304,0.0004656193711609799,0.0009826675832485421,0.001541341410288533,0.0,0.0021014967265733228,0.015234297820362758,0.026169178401874545,0.01669160916068631,0.020572662302458966,0.021102476719010277,0.023124726469466114,0.0,0.001180696134187573,0.019686630146235434,0.038768990459302384,0.03554677674882377,0.043889745335469736,0.0419399531075638,0.031085335380508786,0.0,0.0002443102749465413,0.012022124374137461,0.02671569555145436,0.025750120121264382,0.03654084756643085,0.04268515066335035,0.021950515025344345,0.0,0.0002816607352211226,0.007068887836119116,0.019402319661679327,0.022179705644341113,0.03107863058346947,0.03830634253228383,0.016183382158844923,0.0,9.750738926623455e-05,0.003477613990629081,0.01764025328522145,0.023662422408799753,0.02755325337958808,0.0342639848415375,0.011579133692984177,0.0,0.00011297413698193263,0.0012854501222740798,0.010070943779167825,0.015606312468210945,0.027680568332459663,0.039111053627447157,0.008482914293536065,3.133138111428495e-05,0.00013721130102683883,0.0028160316878189607,0.011182610980200607,0.017774543936022826,0.037059944466502646,0.05787951599932617,0.008312830862580351,14,3,1,23,852,0.7682185106072694,0.04812206572769953,session_dd3b8c9d70e74e34b0e91ffe70919971,1
0.5463550164720343,0.5008147920411363,0.14361027807119636,0.20594058025436326,1.5791037131908472,4.734752454401651,0.3258015147398655,0.3088228202160494,2.713548203117027e-05,0.0004118652988345047,0.0033730247754859602,0.0004988253798514933,0.0001882787687823362,0.0005116022551343047,6.641514675893293e-05,0.0,0.0011386533324595147,0.011229484964860342,0.01877188358435324,0.015790794291235883,0.017739540181172575,0.010373574919264472,0.00835212210629478,0.00030479965341100127,0.00020365671358627013,0.013559375413611794,0.03585962737816182,0.041016318002963494,0.08225569529215732,0.03869426591236354,0.019111288007271608,0.0007060849262203994,0.0,0.004339163929436429,0.016593066065355634,0.027021896137149896,0.11300149696823379,0.06730666333729768,0.017852001288373002,0.0017883231697420536,0.0,0.0008638011281295458,0.005497395582480608,0.01586979299054295,0.0795815849269146,0.042842321531173705,0.00748227524900803,0.001100972973991361,0.0,0.0016650008398115341,0.004568022897707089,0.021731109833657912,0.06255364815729778,0.03175426093412737,0.0021289402534506747,5.181049289371111e-05,7.172273456554784e-05,0.0037190373209715043,0.005437008590084818,0.01656717839370284,0.0596745981185023,0.012079191108152454,3.2671542160586485e-05,0.0,0.0018587805191351634,0.0028818971554334647,0.001256123255967508,0.011697976250161446,0.03347706527160763,0.005468889266512631,0.0,0.0,16,5,0,1,376,0.4098758566790906,0.05851063829787234,session_e47fbbd30ed54a7d989257d609873855,1
0.4738852706349835,0.5020414535130336,0.20939220567717198,0.2516950304351527,2.5024691571354043,5.391262036376865,0.19276491080138888,0.5550978973765432,0.0007014544246589542,0.004484690628595175,0.01095216443152411,0.011433227065140633,0.003028438324822593,0.002182829700981649,0.0032530248979059204,0.0011630404680910416,0.007941625367399185,0.02362408663050155,0.04070807372213995,0.027668187985716755,0.007965673927110485,0.008517990705803167,0.008416744440630787,0.006062420162696507,0.0034584663485955087,0.047191617997955806,0.0493810084752085,0.03487969267952355,0.018525300484981955,0.020812176782471187,0.015147860866326275,0.015256285123655832,0.0009166113105931265,0.044252298789135586,0.03954071274284602,0.024853043469246137,0.01947501285494957,0.018531095456357255,0.015343312563599668,0.011824861974811716,0.0010755901209659698,0.02441068255767451,0.031453470146016245,0.02005843045634874,0.0216310508145038,0.027034352990360104,0.011952671382935171,0.003311671837011755,8.829616148754149e-05,0.0064989861028928375,0.01823298018335815,0.022093414092755455,0.026420634660921653,0.02544465632602221,0.0076828061724834714,0.0005493907181954912,0.0,0.0008665939639692454,0.014241947964426007,0.02060199191339748,0.021812317976320102,0.028619283376466246,0.002443500543555742,1.660767930632981e-05,0.0,6.837380427423601e-05,0.004218167665026697,0.026557896616041896,0.055029402507476115,0.02778505895674719,0.0014775119620724954,0.0008292295430109576,13,0,1,8,578,0.7344395854549814,0.03806228373702422,session_e649e4dfafdf4ac3a8d6baae28f0d4fc,1
0.47356500895455067,0.4917892732023349,0.15639438678900655,0.23986151003308362,1.674676107024452,5.010467155007484,0.234325347588187,0.4008347800925926,0.0,0.00029163384797851674,0.002032107897597175,0.0014189654386745452,0.002482943811405411,0.00011608256460940105,0.0001060671088266789,2.1278943438680693e-05,0.00011041961998459086,0.02008588736946035,0.06787287179169811,0.042092370988644205,0.025558678737984553,0.015608526223029504,0.010632233134475574,0.0008744335319830866,6.762772713099765e-05,0.023174376245760065,0.07504014723531222,0.04834469866559028,0.03962390434696834,0.02952947934746716,0.01057356003603505,0.00026578398780410773,0.0,0.005564615313597571,0.04363350314731018,0.030194680335902162,0.02883967653073098,0.025572095080621846,0.003160032303432991,9.485042236596671e-06,0.0,0.0009109852654704978,0.02852908819867769,0.028027582190816056,0.031314788942131834,0.02309177213615023,0.007483589121885866,0.0010474263500120677,0.0,0.000261540679435104,0.02136050232159669,0.037333204245236576,0.043672769350121876,0.020206712455188052,0.0036289022778094927,0.0007985375936918978,0.0,0.00014196362558064097,0.01728444582400501,0.038637927966314746,0.04279388970459039,0.02551949053716493,0.0046865624891820985,0.0011151320791351427,0.0,0.00033227288585077717,0.00976057647341044,0.03314638491889517,0.019275462272175876,0.00635940881166976,0.00032673474441329063,5.41801836968754e-05,12,8,0,0,427,0.6563954909683553,0.0468384074941452,session_eada1f2893c2465684eab955c1343928,1
0.48919797994995007,0.5461419568647313,0.12523153769755505,0.21584345300658672,1.5655067849778366,4.655023823061337,0.2543865154465153,0.3132836612654321,0.0,0.0,0.00014655985669005122,8.328870270388021e-05,0.001201340757096401,0.0016919015343320259,0.0012451438637022115,0.0025009245032916764,0.00019712706309132314,0.0007925771789347092,0.018923570055238623,0.01795728503687579,0.009397336370767392,0.004948076375714212,0.0015268679660149123,0.0009456787182122471,0.0002294168083431573,0.004092463543366482,0.07424979820544639,0.06573125839011677,0.0424329119377661,0.0060993863443815155,0.002553585048120944,0.0009517886497489597,0.0,0.0022718609458082435,0.059826683353190614,0.05846123794670452,0.05603078044824525,0.021334651089873757,0.005180410774491389,0.0010444973753788206,0.0,0.0022705002758300463,0.026048181978096222,0.057586654234853075,0.06578347410053009,0.02955721901821512,0.003165925788405221,0.000643596899687288,0.0,0.0025242390600334792,0.01125086979847104,0.04478861108761557,0.062453770746864555,0.022101323205762018,0.0016466854242873181,4.278260412216278e-06,0.0,1.8172794228037953e-05,0.002984184762759666,0.038290574606352615,0.056185216490770636,0.015730286950252532,0.0005359862211231323,0.0,0.0,0.0,0.00027939526331155544,0.04044378251338902,0.04860391662311542,0.00505474505198577,0.0,0.0,7,11,0,2,333,0.49237527652907764,0.06006006006006006,session_ed423862c86a49c99fa24f4e6ff93877,1
0.3410084084523531,0.4868197591468174,0.1707983925397751,0.24256150041699423,1.5676975025803515,5.151474855000373,0.19790918776877456,0.4725583526234568,0.0029117691359651873,0.0013324054083001602,0.0008747800380145371,0.0017519172406045098,0.011138608946886501,0.003912158847797648,0.007124874437922774,0.00033364757963530927,0.020724535455898384,0.038499378624219864,0.02013218906410902,0.02176166067103725,0.036668106531581555,0.006619706871354135,0.003156923317828086,0.00010166632134205637,0.034553158748307174,0.06381524457023967,0.03984228248089831,0.0441055137941543,0.03688977972786608,0.006163604592024947,0.005595002100324297,6.123188285573825e-05,0.028733011166958384,0.05133144713024007,0.028863933527088634,0.03388707843539466,0.02350635229561629,0.0024119686518144627,0.0004947779104015272,4.261028270979712e-07,0.012569235589841542,0.03303424722598447,0.032776998976646064,0.023804334162021736,0.009845894563629635,0.0031063893357377863,2.547550944989998e-06,0.0,0.004445721181482688,0.020090503515194202,0.03773383503224157,0.027118271838626626,0.011195335018996118,0.0030822918609627564,0.0001102246419544071,0.0,0.0023580077150721834,0.01855714076082056,0.043682429950916396,0.05013697211367328,0.012169143167231743,0.0011425992638720087,0.0001329712801073605,0.0,0.0008130857882613095,0.008106343371028566,0.03164942210393366,0.02690598197055586,0.006450117946169142,0.0015146414280341246,0.00016617103655061093,0.0,6,9,1,2,382,0.7318921083313379,0.04712041884816754,session_eeabb109b1ea4cae82a2ab66b3f2026d,1
0.5840145846934063,0.49892577388168385,0.2604385599181444,0.28324928908278957,2.859737428667267,5.653760629741717,0.1854717290900406,0.6641628086419753,0.0011710614611504693,0.005319558282311727,0.004611661451660052,0.004022389531069904,0.014757789998715472,0.009545659589683049,0.012058805308864317,0.005174134777107912,0.010035580362104104,0.02499013042234151,0.014333979503182066,0.013175834434224928,0.01732385365666088,0.0169763528241267,0.022763904790715335,0.029392285233166403,0.018740464542449754,0.04898567741918639,0.029578071137311257,0.02949243237921101,0.019783147466237404,0.028211788543864847,0.03914367312710217,0.03574046381013171,0.0032528612382434698,0.016514514856753763,0.012686635366544338,0.011752176313911506,0.010617221316394329,0.01740876009671565,0.025509800288696753,0.014771746494799474,0.0008255028634325443,0.008620784351471397,0.013427210563312095,0.011613099565101785,0.00958069410951065,0.013429258931178417,0.020110387499513514,0.011099744615225612,0.004832768434867692,0.00562846913784101,0.007580945793425582,0.014953987555072042,0.010173203088127886,0.015260160177909559,0.02081137506860573,0.008467273507852365,0.0012255820089706413,0.003871850412852789,0.0059026320327778764,0.012538866320934011,0.011891040796621089,0.020442127574112522,0.029703626535542257,0.007953865491451158,0.000866395927623925,0.00520446760281748,0.0041601077768387475,0.018303376802352785,0.029550179371753263,0.03501694419450996,0.04974992028611942,0.019361735577635545,3,7,0,3,375,0.7573495826931863,0.034666666666666665,session_f3fe34d6a7574b918d9b892ff7052de4,1
0.4854347298878811,0.5472952775789969,0.1516935891435902,0.19774061556557274,2.0739335927997273,4.755550409192588,0.24336796694132348,0.3870326967592593,0.0,4.437858779237706e-06,0.00024142181105760057,0.0001997265797363905,0.0001428485964159279,0.0,0.0,0.0,0.0,0.0020713447837046686,0.008894145566377827,0.0028450803015638566,0.00386871199130198,0.0034542022205187625,0.002137843861381153,4.135121126080405e-05,1.4001616458525166e-05,0.019304525146989163,0.044436050609800215,0.03650126231854132,0.03614102744595482,0.023468865043533387,0.01023348446555056,0.00010091255105243362,4.2784628179162485e-05,0.029454859963939588,0.08020096092371312,0.07313817174690072,0.06129420323790075,0.042768906462401925,0.011780657350549917,0.00019358008799046954,0.0,0.011995692822974375,0.04114412265177497,0.04977799410778495,0.052993595481741436,0.03964804821308125,0.0021315941636171104,3.5548739575289115e-07,0.0,0.0027156714221744575,0.015182591456557657,0.02405717374883373,0.044498467316093214,0.04139609441135169,0.0008776869127785415,0.0,0.0,0.00023199566140247552,0.006948047019331645,0.02027638181763618,0.037510949728497646,0.020339532433391382,0.00015901753925501102,0.0,0.0,0.0,0.004116956866890967,0.034617052980362176,0.05076780862558516,0.005447741133894936,0.00019005961603898124,0.0,19,2,0,2,463,0.4972962631599678,0.04967602591792657,session_f626002ef2f74b519401317d98f48829,1
0.4089788866260886,0.5777664586749226,0.16211845804606717,0.2528137632045535,1.368382409165046,5.074934244840527,0.24164317113858524,0.4011641589506173,0.00020138467432547706,0.0008977913006091213,0.000626519707339643,0.003757123256164345,0.006326792323991142,0.0031119317091960414,0.002905294605859831,0.0,0.004407349030344716,0.018144118578587973,0.012434042466839289,0.022450455761993334,0.017187101075483935,0.004997943370118364,0.0029927000120681183,0.0,0.006420385309775872,0.052442744978003775,0.027709711371856374,0.021285975105886708,0.023432098896661046,0.011919740827384749,0.0010403550043514894,0.0,0.0018039833704668635,0.05686524344751298,0.03884112027234826,0.023433860096893133,0.04318946130199673,0.022381519579457804,0.0019114633421523748,7.585629672177827e-05,0.000726393787757386,0.0288403084057988,0.03674720905482602,0.032139815732633345,0.03775316610420217,0.010060443300956188,0.0038254204191466405,0.0001529438750217403,0.00010660716449084925,0.017750841008178968,0.02404071047066736,0.03860331148348841,0.03279432761357322,0.006237750404292865,0.005226930571975024,0.0,0.00013597089225411826,0.011926037507860525,0.02434231211395134,0.028298154865328887,0.032594376836781826,0.002716144818102383,0.0017633354925440368,0.0,0.0,0.008025103680532867,0.056017046298571974,0.07243253905644648,0.05222516661304877,0.0012548473724396571,6.871798073686467e-05,0.0,3,10,1,0,237,0.649764859281832,0.05907172995780591,session_f63c09bfe1eb47a68aaed7c6224e627a,1
0.3209776120886881,0.5321856399510536,0.16301972512696805,0.19645289527296766,2.518318340628403,4.947365995993053,0.24386502890534573,0.4019921875,0.000829437380521909,0.0010412065563736844,0.0003886489108510428,0.000560010276121846,6.89448711667086e-06,1.2134853332366251e-05,3.4528036285908095e-05,0.0,0.012929707075899698,0.023973799725741193,0.014809580729419222,0.012062502918168122,0.0019163616145704532,0.001472820910123174,0.0008521919680420506,0.0,0.02271586163081281,0.05368645376592385,0.04630612771033791,0.026658813252766617,0.009187710293150951,0.00043784163243551494,6.338480091132888e-06,0.0,0.028208251931008926,0.08304666885279362,0.06059168571836323,0.0428330437254906,0.02220732370508014,0.0013391985217107607,0.00011136820721525591,1.0008126459683508e-06,0.02128950900784897,0.06480917970935206,0.04331209937869412,0.03967301949637245,0.03254919338184282,0.005194787539776916,0.008036386545369471,0.0005168363305888224,0.00920850495590607,0.036677684548218646,0.02700366271018091,0.04042066824343772,0.03510843811969155,0.0038282056720584105,0.003858355153018207,0.00011505175375944498,0.0048982828932331544,0.022929229326863004,0.017849938346465963,0.03673963763103921,0.025425228265556796,0.0006853203595024665,0.00010439031904475436,0.0,0.0007261868758795076,0.010949460254094932,0.018763596891181237,0.016709651338141413,0.0043886190532737715,1.3622172125680328e-06,0.0,0.0,12,0,0,5,394,0.6748001475833232,0.04314720812182741,session_f7e9b8ca8b3d4b41823bbdb70cb2a788,1
0.6423584589660843,0.47651896711950786,0.2894601056579759,0.15885186035088003,11.66882948906188,4.855497264758297,0.3278723706695678,0.31157889660493826,3.195171604978862e-05,0.0003555946100762881,0.00013513140434026077,0.0001696821507627,0.001525012877468495,0.0015219412961189989,0.0,0.0,0.0006225859119940326,0.006123206507739413,0.0030680553922074055,0.002009105003171635,0.00701131154360794,0.005421159331485041,0.00281176918741897,0.00327423301841264,0.006506936075975583,0.07037501772747727,0.039144359943242266,0.022450587934294112,0.020723850314825275,0.02162258774767283,0.02290750837882863,0.05255813744686778,0.0033343015175847394,0.05586295905351238,0.031769947499041225,0.023548014877867656,0.02017732693506581,0.028310238222216698,0.044185824564831895,0.11737222980393915,0.0005323286754165296,0.020277325991781357,0.01322504791348842,0.013054765986485879,0.007603327042407579,0.013407561640776234,0.043200973803973024,0.09758343064702825,0.0,0.004078605656191647,0.004116664184865286,0.01086907231827457,0.009623536993535084,0.009126940441983108,0.0328151757347109,0.036456744437470684,0.0,0.00013273229938089097,0.0014287033533798546,0.0015273029322024389,0.011698581033014247,0.007849507926306547,0.02114643811338821,0.009210745540222913,0.0,0.0,7.778916080380848e-06,0.0002703173337932345,0.0022296954341706593,0.00283636001325251,0.007441896358702105,0.0033178712836205706,4,9,0,1,269,0.6627112588969196,0.05204460966542751,session_ff05b5ce81574447b32f1f81507f1d02,1
0.48905698742654624,0.5548256167212352,0.1391127671694646,0.2178124228714443,1.5861321497861407,4.770312980042441,0.2716430753151832,0.3008690200617284,0.0019044690950820826,0.0015696234801642168,0.0042723178269395805,0.0013420582299463531,0.0001533368872553658,0.0007511566502256527,0.00126175739351027,0.011603082670362723,0.002935333855649237,0.0018827995150838784,0.007203187444099104,0.006412102201170426,0.011713884515113617,0.005770804637256845,0.0041911712807274955,0.005829200204085019,0.0013538288463369322,0.004633643862712577,0.008988577829901229,0.04652752744421806,0.075124357809935,0.016526181101982854,0.007497411261579517,0.002418203123766312,0.0005566988581240469,0.00834410538830397,0.022955308411430817,0.07579885988062765,0.07176926075940052,0.0115435363836754,0.004988093307520053,0.00238599683180481,0.001416563874802622,0.0036379939026543406,0.027655610841405946,0.08530833947616709,0.05104349287121422,0.009296748926638324,0.0029274451857714515,0.0001444500025600051,0.0009634436680967342,0.0030117527455725255,0.031977548263235844,0.06443410099796111,0.05326271850801046,0.00940102078279091,0.0015457495091105334,0.0,0.0,0.0018656496299541418,0.0202772644250117,0.06495175856544219,0.05032131217888764,0.006486205787280728,0.0003424292747125027,0.0,0.0,8.103563345457623e-05,0.007454363247571569,0.03857572047922131,0.030714875839476134,0.0026945283950038073,0.0,0.0,9,0,0,1,193,0.31418443765147935,0.05181347150259067,session_02f6647099be482aa41b1bfe5bdb0bd5,0
0.5902317149203308,0.5920478008875145,0.1379769459956582,0.20383866066537434,1.4887760546867423,4.6837343867965515,0.3061855903962492,0.2882894483024691,0.0018676376816458033,0.0026831560224183644,0.007500599737234298,0.010531883025758249,0.0033570680120668375,7.628781918139907e-06,0.0031797260226296706,0.0015322664846945816,0.0010737937823718272,0.0016862249368877554,0.006242239151592442,0.011302964877150198,0.015201521033064477,0.0014705992027534464,0.0036419431983582737,0.0003103562501320665,0.0006558421864492945,0.005260876374579096,0.003393518363146178,0.0068024651997031765,0.018247471470530838,0.012159532590280651,0.012045085324274504,0.00020011957455324237,0.00018147489369424463,0.005046353784062279,0.004127000108139149,0.008044263093848623,0.04794617964274305,0.06104346199406105,0.03692561953167048,0.000536702675760299,0.00039335615442270475,0.0033775460865436368,0.010407926972514012,0.01942906258273577,0.0998763391542027,0.09050485445340632,0.026607839591109718,0.000336614175675155,0.0004882886544631016,0.002565865442581219,0.005910270608897987,0.030129353688352917,0.08601962787702963,0.06982353741801002,0.0160298575919276,0.00011903075005065138,7.302500003107446e-07,0.00032516323418092054,0.004327912081628899,0.03819614577157283,0.06907785894428844,0.0658726363205841,0.004238899267761234,0.0,0.0,0.0,0.00020596157455572833,0.0177040567096613,0.024907087340385995,0.018787234981398823,0.0001313673138856882,0.0,9,0,0,2,267,0.5710607894345712,0.04119850187265917,session_09510fcef51341d89bc860d3d4a49c02,0
0.48537784905567133,0.6481166485779986,0.09958411234503525,0.17506603439440516,1.0678006880719957,4.1329404446416556,0.39661302888323374,0.20551118827160494,0.0,0.0,0.0,0.0,0.0,0.0,0.0,0.0,0.0,0.0,0.0008635879333920069,0.005326932240510286,0.0016988210740160133,0.0020280287027852,7.807927277869057e-05,0.0,0.0,1.0536854097503352e-05,0.010391232406043473,0.023923355002222507,0.009183993066355365,0.007815800320537416,0.00046391755933783017,2.19024495285182e-06,0.0,0.00017861348930824035,0.01756503444022065,0.06798453245067909,0.04278124565465761,0.006460788508309602,0.005656001745723887,0.0006361379012161247,0.0,0.00014335251876097726,0.03361183448938474,0.13777599725552442,0.08120544294418804,0.005610874806920535,0.007756328263889709,0.0008533667902786984,0.0,0.0,0.01738501998342004,0.11966902517899679,0.07022357448252553,0.00533938309244947,0.004950289036365821,0.0002506350575776921,0.0,0.0,0.008419992216540323,0.10153320501128835,0.07882458748462857,0.008910903065026813,0.0009039002796863877,2.3500736386004666e-05,0.00015874342924047653,1.0359266668893744e-05,0.009044626398769849,0.05755549365427828,0.03770820424124952,0.009082531448809742,0.0,0.0,5,0,0,4,116,0.3898669442433019,0.07758620689655173,session_0b757f1e1d864431b2833fca706d3de1,0
0.5054749897918585,0.4781463588398354,0.10404767878991447,0.19042163331180262,1.2544636862069294,4.232384488206541,0.45843790783032773,0.17390817901234568,2.5876508375076344e-05,0.00017664290666413444,0.001482516801132615,0.001253070647389689,0.01691900638292069,0.0002463081851305181,2.7130950156506197e-06,0.0010988034813385012,0.0011514316900291862,0.004647590107938881,0.011549499616301266,0.0073387469789468205,0.032780372478772586,0.008030907111649256,0.002936560691133241,0.00676925958324235,9.139921165627303e-05,0.004338880737448398,0.007048941754371839,0.08090866511495136,0.08907353493963145,0.019731669068339217,0.004358397517722272,0.00022562448226926769,0.0,0.001055656518670251,0.0078788279254494,0.15370511778697798,0.11422132933195578,0.027861297830880535,0.0010341851430625212,0.00034975587250145464,0.0,0.0009772393207985427,0.005861918925427667,0.09886013543011818,0.05890269309687981,0.004811805289047454,0.0012754755610673199,0.0006708346224181291,0.0,0.004863820863379767,0.007173889990415189,0.034726099200964346,0.061959388468383475,0.0011250300664897904,0.0,0.0,0.0,0.0008240515581406781,0.004219271172242296,0.035807223805104094,0.039916337485098034,0.0013102206811064585,0.0,0.0,0.0001755926763354955,0.00020639943264223802,0.00046615640059227155,0.014956767706117547,0.012325911559812294,0.0002911471855504644,0.0,0.0,5,0,1,0,92,0.2205137211283913,0.06521739130434782,session_0f283c6e8a2a41c88531876dbccaf66a,0
0.5120237196196323,0.5355486455005488,0.10774005372159666,0.20565920659451595,1.429067814491226,4.36306591212394,0.42136708538691997,0.20305314429012344,0.0,0.0012584362780024756,0.0023720887998350815,0.0015496688035381676,0.0026162907352415945,2.400997289816999e-05,0.0,0.0,0.0,0.011678667993304137,0.01130203718225425,0.020438833290988105,0.02624113884199973,0.007161945674576839,0.0017280182605134181,0.0006029519525694206,0.0,0.001546387038398317,0.011493513699788903,0.057020669304900184,0.029274358533758493,0.01357055733517582,0.012541820486336841,0.0020340428598044653,0.0,4.826125205662309e-08,0.004985146031188882,0.13609545187649763,0.09075472948808108,0.015604889762492625,0.0043653509016517,7.519103070421878e-05,0.0,1.2017051762099151e-05,0.0023019893312228364,0.10839670256925774,0.09604348705595818,0.009296878681805674,0.004422419832208657,0.0,0.0,8.27439166510803e-05,0.0010137034688233397,0.06008909558003425,0.06236680950147261,0.009176539249802485,0.005437136787325186,0.0003722390371127339,0.0,5.0360616521086196e-05,0.0017774619132454284,0.031111205917659597,0.05285072821282575,0.007826044633502002,0.008379166843322959,0.0012946322170449428,0.0,4.3435126850960786e-07,0.0020495588523406693,0.02854052206561151,0.038361517944752115,0.0020149555346160707,0.0003864037145913528,9.000723508560207e-06,4,0,0,2,102,0.2751552838040897,0.058823529411764705,session_141ba797f345475984edebb334bb94d3,0
0.3841882437140194,0.6093337274388714,0.11337426822446578,0.2063693825183448,1.0547078978490774,4.46610706581291,0.3574436322675745,0.25113233024691356,0.00015932311506004803,2.0290627005205e-05,1.8530252972789956e-08,1.0376941664762373e-06,1.0376941664762373e-06,7.727115489653411e-06,0.0003348416712183145,0.00025675518519097763,0.004362466275866102,0.009535742300809601,0.008274072966651252,0.008222947998699324,0.004850201064362907,0.002689999763553972,0.004366820885314707,0.0016346462659946658,0.006055723732013703,0.020581107250806457,0.028602371976149933,0.03698842326151575,0.011399644856583624,0.004059366927990177,0.004533222557010361,0.00018617345161762067,0.0029990102621282174,0.005971522262505345,0.05206169076995499,0.07154113742102314,0.017000728831909926,0.0005262221239212892,0.0014639826361152702,5.195882933570303e-05,0.0022259466383563933,0.004825036980825858,0.09619197001123156,0.0808646342042824,0.015239557998617051,0.0004935162274243149,3.552249494883834e-05,0.0,0.00023411121605822828,0.013401393964222233,0.09821382444334564,0.0863921716055597,0.011101956342575754,0.000582517032452625,0.0,0.0,0.0008589142857947599,0.011041566248137432,0.06969272615673436,0.07380571963682779,0.018147047341312658,6.476323413990088e-05,0.0,0.0,0.0008331757644155547,0.0047224720306214656,0.025452506924570233,0.06177230306806881,0.014676182717485317,0.00039024712760695645,0.0,0.0,6,0,0,3,172,0.5019567708132185,0.05232558139534884,session_16f7081aa78141cdbc4ac5c2a6e56617,0
0.526577215742947,0.5034742542219528,0.12724076921264324,0.1941714525691399,1.5287517061740488,4.546753738370954,0.385572445671437,0.23369261188271606,0.0,0.00038900871083898917,9.82544917711586e-05,6.485018166919269e-05,0.00021239820184303107,0.00010180185213596914,0.0010839033498019539,0.001153150780256693,7.713661209939586e-05,0.005977320690540993,0.009091681380821847,0.01485508885103067,0.018168157149246616,0.004467438483598041,0.006617748567235929,0.003980027474306026,0.0009624986364833597,0.023959684840680655,0.02717545939055758,0.0634126138813532,0.1076784425728177,0.021418130470140538,0.007290804768953029,0.0007087515153880058,2.7584422003448627e-05,0.004798636305991757,0.010054235444810907,0.06418059892449945,0.11024381229497365,0.015027246683735382,0.004936521464338534,0.0011748598866559241,0.0,0.0005307922704200105,0.0050085402700782815,0.053470434377232805,0.09893963116911833,0.017548218973825507,0.010669425330577034,0.00128116984258884,0.0,4.7298138197473866e-06,0.007492874978900596,0.03763562741128126,0.08060912685567594,0.01913063730989474,0.011930419561091015,8.212508761241067e-05,0.0,0.0,0.0049991545457797205,0.024235325826527574,0.04355264297562047,0.011695887308638384,0.00586203147868465,1.847583523338823e-08,0.0,0.0,0.000409369081266183,0.011482047991647149,0.023246203511472902,0.0007957172718315642,0.0,0.0,9,0,1,7,286,0.5022325897170312,0.05944055944055944,session_1fe3688ab3074e09a9bd9901da5cc77e,0
0.5583387274636659,0.4958319100141627,0.11187568907709562,0.18988634765553078,1.3840828901846276,4.352998895034304,0.36590764280165655,0.2160204475308642,0.00011942385324162691,0.003160964436756867,0.00060418036181089,0.00038922093895884846,0.0011954329465978298,0.004865393473843866,0.0004718638613741823,0.0023475332492852176,0.0015659121218548375,0.006751900413961121,0.004160917450610754,0.008784038059656597,0.016005202727655564,0.007833530279936433,0.004704305643563096,0.003943077381791419,0.0017386279254913894,0.002798389472995481,0.010098403041891881,0.07064364433331709,0.0943453710083183,0.041238730460679406,0.003546637262999903,0.0005176731582199189,6.230275149993391e-05,0.0004913433514822812,0.0054036175819524015,0.07527133182011596,0.113284792692293,0.07699562677542862,0.0027174503472803145,0.0009049795215053835,0.0,1.4754528125160554e-05,0.00235387418339615,0.038001007347842834,0.09399048947707932,0.041041757510208506,0.006651165629678031,0.0007227786640740853,0.0,0.0,0.0018791648058835437,0.021026484817107526,0.08168600344184498,0.022356781176735094,0.0015028189492053412,3.9029239873936607e-05,0.0,0.0,0.0003009923737532753,0.003594080096888068,0.05842273216096312,0.02314233684499885,5.766561408916917e-05,0.0,0.0,0.0,0.0,0.00038482971035016974,0.021932307454505775,0.013910077298797199,2.7049968229461015e-05,0.0,10,0,0,2,207,0.36031531505403175,0.057971014492753624,session_2047213c712741088a17f93a741c629c,0
0.5737218419760252,0.3999046735276255,0.14106262063192823,0.20965893212979259,1.4333565055847555,4.881207476284761,0.24847240850376182,0.37382716049382714,6.629727812215347e-08,0.001160942686743383,0.0006762211872996117,0.005567910605810937,0.02728830221101533,0.013415707259418255,0.0066833070624844,2.7513370420693688e-06,8.167824664649306e-05,0.005578451873032359,0.0063064954327307875,0.040309408071050525,0.07876677957866599,0.06648657895028492,0.033650487357368725,0.001364486380124748,0.0003009122958501009,0.005381847294761113,0.01361105218940518,0.06899005256854826,0.06796655518889846,0.05090042035015725,0.021387159386269745,0.0007675677870055854,0.0,0.0029490797236150453,0.015404636652629212,0.06614774461134895,0.05494046598345775,0.032870610375725126,0.005595545521241521,0.0014022647791080217,0.0,0.003015763735859578,0.0061713152826397165,0.03504047609047779,0.045475314081421435,0.03278304272087212,0.011544510782605889,0.005530209553652138,0.0,1.5734554007657755e-05,0.0030018523570002793,0.016666218607562025,0.02933142962909115,0.028457476809792215,0.016797984447829803,0.002251588159584576,0.0,0.0,0.0001950576417817292,0.008867702930692174,0.01667712450981312,0.013502998675612424,0.0028287280647306292,0.0016988014546020604,0.0,0.0,0.00030007253032722026,0.003583213188853443,0.01142163982715283,0.0063120423050003404,0.002519893244144931,5.431956987475107e-05,9,0,0,0,244,0.5240512762926934,0.036885245901639344,session_20899a71736b49b79b8fac1212357bc3,0
0.6565036676161113,0.486316799827142,0.1651305229326861,0.17290688282749805,3.353107026981821,4.456621583696148,0.37587026797419526,0.25622251157407405,0.00040048427079115875,0.00012504102284775372,0.0,0.0,0.0,0.0,0.0,0.0,0.0071388317386348035,0.00796224084691203,0.0031251851005311125,0.002413327460964813,0.0033186194235585733,0.001889819296916454,0.003357638274075844,0.0018411560455443487,0.004459138112884077,0.02190174095303196,0.016119029640479638,0.016037503986194766,0.06493650737919585,0.06328966815087482,0.04337671191529585,0.01816706753965514,0.0,0.0026520211291803197,0.004502653481446957,0.012384083074137435,0.1121282837267587,0.11170819547775936,0.09737760336050427,0.008885707987587341,0.0,0.0,0.0010958266618348008,0.00480757623788564,0.03536675334650729,0.053181642666711715,0.08241623801086985,0.005159838504402627,0.0,0.0,5.956835822103542e-05,0.0018120547488472997,0.017452499382201534,0.035784509289417565,0.02861197467720726,0.0013369366832056584,0.0,0.0,0.0,0.00036627711481802095,0.009086937676011628,0.0373557902051591,0.014679114289322906,0.0005058372683644469,0.0,0.0,0.0,7.131393573269638e-05,0.011310255731899609,0.022985443825556867,0.006529637590521054,0.0005257143995380269,7,0,0,1,196,0.4846100197605487,0.04081632653061224,session_211cc9e12d30427bb99b5d409fb47e90,0
0.472004320693265,0.5275560803207047,0.1318698760282101,0.1744166196697807,1.988935796970158,4.203738118371893,0.42816061334902605,0.18405092592592592,0.0010438593721093857,3.129819790603099e-05,1.4746491747485765e-05,0.0,0.0,0.0,0.00017526990827377355,0.0,0.014835861583004708,0.010495586918928735,0.006172801734731339,0.002853856429141009,0.0055284808560411135,0.0011841737649690078,0.0034361904649371916,0.00021805583425018297,0.009551999001833652,0.012943715548098379,0.01233296696858526,0.03726747929917263,0.04026167356551626,0.007111607005854263,0.014047756548690747,0.0018582689592702133,0.003103820014215243,0.005350092850148237,0.015039428813280414,0.1490000999432342,0.11417031654059588,0.0086184218191999,0.00555600451472402,0.000443004305342593,0.0012283663515254635,0.0018849251772620913,0.020674112543115027,0.12333241267398369,0.08562422661508255,0.006683278859230154,0.000430344360122176,0.0,0.0,2.0513800125675745e-05,0.005628658533683413,0.08097003219822624,0.06650170758044463,0.0046762320992770395,2.5226113068830973e-05,0.0,0.0,0.0,0.0008526238662520863,0.04548692528918538,0.03732158884281841,0.0006264328449806353,0.0,0.0,0.0,0.0,0.0001154399449358027,0.021213824763335803,0.014050968423681852,5.321865861175307e-06,0.0,0.0,7,0,0,0,149,0.26889075304897725,0.04697986577181208,session_227e9e09d442499abb4e46af09940436,0
0.5114019820165243,0.5023523440830424,0.2454873174350105,0.20051473416902008,4.739695809834541,5.308490877192032,0.19904821696535596,0.5361554783950617,0.004512260267767432,0.0011557762401699374,0.002282435266760231,0.002123596991768918,0.0009708763983472627,4.3609393266242476e-05,0.0,3.9834119566372284e-05,0.0008150162718171379,0.0023707058157604213,0.0021139872041692482,0.003763626814438334,0.006055738295901458,0.0034977523337861856,0.004693229839316048,0.002895568500697213,0.0061297602312602026,0.05442989232044784,0.03792709707347979,0.03461385709008081,0.03896483235122153,0.039249882122337536,0.06078395473692614,0.011204580565043776,0.0038186838118267636,0.05109158717676585,0.02946911115897061,0.029875600745963085,0.03684830984594591,0.03716692744655754,0.05022359529012796,0.015320392809589354,0.002556867772544343,0.03548026579742521,0.02088014206808851,0.018245919933840376,0.023503824435291847,0.02624942267927809,0.03600598096352004,0.007020171265236038,0.001242895386047587,0.027245928868285762,0.015222136052737895,0.016766090141778357,0.017556616954873754,0.020853936575866833,0.015707718177301842,0.0031840503388131007,0.00030798926409586177,0.012908446833910996,0.011155701288255134,0.014426649349268472,0.009098476043790386,0.01228353386033571,0.008865427623314527,0.0016179317396637241,0.00014825422321103148,0.013950289520868723,0.008483250356101861,0.009585076717270428,0.010918744739872959,0.01265503850629713,0.011211156848262904,0.000209987144473425,15,0,0,0,510,0.6892103003889148,0.029411764705882353,session_290b2a3f63734328852729316c5d60a8,0
0.4844632145168567,0.3198455271612064,0.14150421401366328,0.16286951569773822,2.483689543452581,4.510310953735946,0.3284840106934347,0.25859037422839504,0.0006152295482278194,0.007221168113538239,0.010885523342002512,0.02603986699072896,0.02901696796065547,0.007600074044541125,0.00593038704274438,0.006280155549491135,0.0002927731118757164,0.015838697812344104,0.07411143096125301,0.07640857908808767,0.08231003341915852,0.03206904491395768,0.006747702028757989,0.0018916295600943254,0.0,0.007688663414659444,0.08302847222777837,0.09081945781497193,0.07639967409074476,0.013130828007294796,0.001161897440667939,0.0005003857893915927,0.0,0.004875417807718965,0.023932811556216353,0.06657377719502171,0.07825155529105174,0.03613134434360625,0.00025995086113286136,0.005295300374004771,0.0,0.0006938903580902438,0.00984693111358476,0.019825134170759057,0.036369868621094086,0.010049408917153859,0.0005813666751901025,0.0020266886864618843,0.0,1.117389513335242e-05,0.0007427484278031008,0.007276730520331107,0.02262186629603681,0.0027343118469679278,0.0018517788440156823,0.000268224661346107,0.0,0.0,0.0,0.0025513329168910756,0.00631847092120031,0.001026684779863433,7.574365556043472e-05,0.0,0.0,0.0,0.0,0.0007342357962434934,0.0017424623249095413,0.0013421468696435141,0.0,0.0,7,0,2,3,247,0.5017357707639026,0.048582995951417005,session_2fba67581ca5472487c1e2622428a1fd,0
0.5360879852656503,0.5558020153813471,0.12198648882652029,0.20732388649195316,1.312506912094683,4.5835701914062446,0.34924905141405027,0.22557484567901234,0.0008235114474282333,0.0008513805535048523,0.002149510235005474,0.0014397183788248486,0.0006771134001822205,0.0006660052374897369,0.000558997201729995,0.0006303299104579798,0.0015487542374993735,0.009178070074991941,0.00504355449577582,0.006822170536066831,0.009682100713996448,0.00547004333995929,0.005697464577118976,0.004427957705787193,9.349519810636512e-06,0.009291053907482858,0.007660684283997353,0.0475343584534473,0.05340517497177692,0.020880259264158336,0.004230289834934676,0.004342322564642553,4.66578723755373e-07,0.0040998631363095206,0.005166695388176181,0.09177581961865552,0.09878921565011994,0.046211428318245526,0.004647554776656212,0.002856502618843568,0.0,0.00030004601004576293,0.0033491738604581834,0.08678107643551872,0.057801620668375096,0.012482093471259028,0.0037168378947774173,0.001229811789141518,0.0,0.0,0.0026189422671099665,0.05770914835439389,0.07112319693568321,0.018893441441059255,0.009694608612860199,0.0005309306969625563,8.958311496103162e-05,0.0,0.004705356702395291,0.03493064944330788,0.06844612972679465,0.03277204092318917,0.001567919855844402,5.886070053529321e-06,5.293873981070578e-06,0.0,0.0011628577422826219,0.01235021320045602,0.044451529262911314,0.016713890714378146,0.0,0.0,9,0,0,2,184,0.3703356429979021,0.059782608695652176,session_3294ed22ce1a420f82261ff60f521414,0
0.5096013601769828,0.4707290990378157,0.14580894004714598,0.28323525889111417,1.228867322031612,5.009727667479791,0.2934493569949279,0.2814646026234568,0.00035340790848757567,0.00558750021960119,0.009668314952705526,0.020546408680991935,0.02871907476692125,0.004229681224059886,0.0033818681637018326,0.006431654079837963,0.004786764932846497,0.020023162736767706,0.0157524630597354,0.05291339119892728,0.11046991388938132,0.027269283940374634,0.00931429717753107,0.0015216173837659507,0.000453308006422329,0.008324050736108108,0.006330947384027013,0.027188958595776837,0.061488687336911076,0.016574897796671668,0.008268316790174835,0.003898307208775722,0.0,0.006992396988745855,0.010551362569070107,0.02001442787196207,0.0447724775269536,0.013811257395395913,0.0016273997442612577,0.0002867750546661874,0.0,0.005275956708200097,0.011568069355456097,0.026819320364170677,0.053563469740903646,0.017732247710299787,0.001785001100022445,0.0,0.0,0.006450756678320563,0.00925079234961981,0.017427609463643693,0.06351480218255942,0.012529494677644241,0.0023172179864794917,0.0,1.772548015738731e-05,0.012617374499911776,0.010667611028837036,0.011703144990040581,0.05796257586520262,0.008050574709839694,0.00037750747917880706,0.0,1.0426753033757242e-06,0.004401939053425129,0.02163956520754619,0.019803689421966583,0.06323213880974994,0.009732764090325505,5.233049635810239e-06,0.0,6,1,0,7,198,0.5159090693550069,0.0707070707070707,session_39b3b152fd204671990cfdced37194ee,0
0.4519564988606515,0.5803968036020826,0.12790763497132027,0.2181352374571697,1.2009075322213723,4.701589479199792,0.28101211328475395,0.31626109182098766,2.2239080032399385e-06,0.0009965596143189878,6.158514470510599e-06,0.0021637069691102756,0.0008436698270472967,0.0005619488936298737,0.0006941081258783562,5.458683280679849e-06,2.0559485176805586e-05,0.009673844296051547,0.0042805563521103275,0.017203996795021978,0.009647421780684381,0.005623034747660546,0.0033885670693562723,8.792990105117911e-05,1.9128719188707163e-06,0.004144555824219885,0.02844866662796341,0.04436410313266058,0.02922449948500978,0.016190034711782535,0.0044584378887610856,0.0055821023989575565,0.0,0.0020616404780245154,0.06218438682525173,0.09120246721286988,0.04349859857249056,0.01269294715258984,0.004910699907238154,0.004161274013754731,0.0,0.002700057592996562,0.05865240101739281,0.07405025792589537,0.03449233102432067,0.008413992636314014,0.0016661269931406123,0.0005235514890144932,0.0,0.0012018589818068928,0.050378981139409466,0.06195040993078498,0.027903295957630414,0.004285719551110857,0.0015455227514264464,0.0007356314431416473,0.0,0.00024691599557650703,0.04011909820499365,0.06278487308973495,0.032610702680124844,0.004655385937383677,0.00041618183269023773,0.00013500521242046089,0.0,1.3483414257405781e-05,0.026676429674640238,0.049682695760940525,0.04232621025967765,0.0035068074368292323,0.0,0.0,9,0,4,0,200,0.4471446158484499,0.065,session_3d148f9bf3d847139320307666cc80f0,0
0.36291385146394456,0.37223132004073445,0.11142380436549981,0.12488315202977376,2.549959868231145,3.75549222541275,0.5659317905502216,0.14120804398148148,0.0,8.242056326978024e-06,0.00017287452321269097,0.0,0.0,0.0,0.0,0.0,0.011164925981465458,0.02446475321127207,0.04864732901732432,0.026444237794105784,0.00290245578501935,0.0002851334169826701,0.0008712583846404238,0.0001617807849497965,0.008868243948174506,0.052390787537176194,0.1991326713721737,0.19626134065218662,0.031181820458105313,0.0024785984748370367,0.004714699655294252,0.0009862646305193955,0.0010182243341670446,0.017888426900959,0.10805102841388059,0.098450667293573,0.022145292499102763,2.2604795833484032e-06,6.329342833375529e-06,0.0,0.00043429029287469015,0.00838693567996617,0.028942589382840386,0.04451416381730317,0.015646448473585078,0.0,0.0,0.0,3.1159841641233375e-05,0.003383798829836661,0.008314635109907995,0.015314262304659787,0.0005262744236124828,0.0,0.0,0.0,0.0,0.004771281198095911,0.0027484997370888363,0.0016990807846715835,0.0,0.0,0.0,0.0,0.0,0.005146068713015076,0.0014408644630352467,0.0,0.0,0.0,0.0,0.0,4,0,0,2,176,0.5771745659058642,0.03409090909090909,session_3dd82ffdb64643f7a9f9edb9390d6df7,0
0.4676810598649892,0.40762596682338953,0.14015811862925823,0.17819670862076795,2.0794017910326743,4.6286496255011915,0.3258061646146433,0.2697617669753086,1.713041646572632e-05,0.00035231681479510214,0.0008817104072359179,0.004166420908914033,0.006928728677387346,0.00090899912318132,5.3040567393879085e-06,1.4112914221763586e-05,0.004686068531374348,0.018246479966493354,0.038500404841970315,0.06678684572187622,0.0402540047174618,0.018324953767086347,0.0038355264858260705,0.0022317334142848595,0.0011474755117041884,0.012845057238550252,0.08769315083404793,0.0917137570382537,0.04748453984599531,0.02858191245056474,0.0062573812837305445,0.003326318296594869,0.0,0.0008000316818993366,0.06144470473056451,0.08596638986050274,0.057618455658469875,0.013935256434369036,0.010918147777655516,0.00558271651183038,0.0,1.623078846752625e-05,0.019763702585457774,0.06247462885050389,0.05008708867578826,0.010621720352248593,0.004349945020546847,0.000110298141029321,0.0,2.2921771704139264e-05,0.01027620697418988,0.03708352822930513,0.03116078981865505,0.005148496064699147,0.0009325393891342218,0.0,0.0,0.0,0.002786241621675427,0.016514283740459046,0.012246054929748706,0.0008178180771137505,0.0007870995294252106,1.1845101976300913e-05,0.0,0.0,2.533952194930195e-05,0.005882892387229803,0.0031097515982781644,0.0015109064807270539,0.002732676271282598,7.095815835803046e-05,8,0,0,0,189,0.45285901021400815,0.042328042328042326,session_3ea645740c864b43b576658338e02187,0
0.48693441077772665,0.42187790280232634,0.08580387115225704,0.16010458544101872,1.107373119984038,3.7236657215320013,0.5293120253326369,0.14209828317901235,0.0,0.0,3.037689588969435e-05,0.0004555021589834148,0.0,0.0,0.0,0.0,0.0,0.0,0.00502571219676241,0.041593383161729586,0.02598876569201912,0.005963674497037723,0.0012487808774414787,0.0,0.0,0.0,0.03447538662088348,0.20142423468148962,0.12436494814824228,0.027078007354294904,0.004136522362796048,0.00019920466388221873,0.0,0.0,0.011653200534258196,0.15451649830030073,0.09525949478441707,0.008439663814899414,0.002617223730225329,0.0003492132792418847,0.0,0.0,0.0028121925719715346,0.079266512936579,0.0637148432435687,0.003769730421689709,0.0006587611097672461,0.0,0.0,0.0,0.0013358875340813493,0.04074422184694855,0.014603420396118958,0.002510662547632198,1.2404907684038529e-05,0.0,0.0,0.0,0.0002511842526655802,0.011586183776891986,0.008513064561342041,0.00031103036827296606,0.0,0.0,0.0,0.0,5.833332198738118e-05,0.017403601386747656,0.007288609405310238,0.00033956165594625467,0.0,0.0,4,0,0,4,109,0.339180817256765,0.07339449541284404,session_3f9c79b70b1e4eb6bb7dedb4261b238f,0
0.5267924156651119,0.4187832252894932,0.12320477006865495,0.19238099155327987,1.302963491210225,4.483579020014128,0.3629463414874314,0.23307532793209876,0.0014878486459554646,0.0013805056968273762,0.001247740217420226,0.00717720729903486,0.0068144689725008,0.005409513274944787,0.003797682307084442,0.007119888838656724,0.004890380040083109,0.008200019666371003,0.012679521167174046,0.04273258374706488,0.059185473982562756,0.022936076134111156,0.00686137832753455,0.0018833338659452199,0.001114792388722371,0.008490623652657181,0.011453450123799213,0.08726212857937792,0.1183680607680227,0.04060783461600104,0.0019709223085803136,0.00027220190369924257,0.0002261283162478886,0.0020567936287279394,0.006058084114658256,0.07252395989902043,0.11335138864835245,0.03399721695473372,0.0001529150760300049,0.0,0.0003115589589429783,0.00012939201752911576,0.00130480034963653,0.04359406257945016,0.08745327622335898,0.01815414833467459,0.000650363941072064,0.0,5.9916937770675675e-05,0.00023962216376002658,0.0014020077173562896,0.02700273884075906,0.057207455247419194,0.007619951376865549,0.004821968664520446,0.0,1.1548788411289251e-06,0.00164536804157576,0.003029110438313142,0.010024910584645408,0.018173720491876877,0.002759658969748693,0.0007115573238776717,0.0,0.0,0.00392137590927904,0.00296194511623696,0.005365232788852027,0.005211223617077795,0.004513783167455502,1.9572157202290205e-05,0.0,21,0,0,6,444,0.43495916248574407,0.060810810810810814,session_41e84e5483e44d3ba7a81db8f03038a2,0
0.507102522794366,0.7002628953112402,0.09546490505765964,0.1944057630921683,1.3150903508491871,3.991560800582042,0.46287108814987343,0.15792148919753085,0.0,0.0,0.006237348549247332,0.0016998887435749643,0.00045841076465516457,0.0,0.0005151973463760407,9.873833123646834e-07,0.0,0.0,0.008033206134280182,0.003227105820085178,0.005284499570295599,0.0025203561111103888,0.004905729698664581,0.0021159383558777027,8.332551855565376e-06,9.42589825511066e-05,0.006769018339175994,0.011025531468700889,0.013097519225918456,0.003025992697120362,0.0027099577896042217,0.0010716962142327017,0.0005119221236813676,0.005382154188140448,0.0029254000118582326,0.010316277177665466,0.02928229707936351,0.0032703098606310863,0.0010945023604963446,0.0027446125356162406,1.664102119131698e-05,0.001263176329272009,0.004703605109867586,0.07498444148807432,0.06673468533562868,0.019613213539173373,0.00026724372237343637,0.00010552960182395226,0.0,0.0,0.0051946717713902265,0.14180825622953377,0.11528213129529712,0.024726654971231745,7.176590904504284e-06,0.0,0.0,0.0,0.002128364936101609,0.12285020764189408,0.072211387496558,0.007792645843860405,0.0,0.0,0.0,0.0,0.0016547821839637679,0.09745567214866699,0.10122229866014011,0.011648762998961514,0.0,0.0,3,0,0,9,143,0.5693309463435571,0.08391608391608392,session_425542a2ac854c9f884472d86a4dbe21,0
0.5846065443281312,0.4966253108869783,0.12069360788979053,0.25153300356293,1.3793314173229205,4.677274005221366,0.3336810399140243,0.25541377314814817,0.0,0.00034252928607656494,0.0026418196997426676,0.0008066921447379199,0.0034223165733794393,0.0030096178628332823,0.001986957632726452,0.008688453037772359,0.0,0.0014035067524667904,0.008588737555078071,0.027045700873104747,0.07156674212113655,0.05297691023840496,0.009043419657231034,0.005432158111108474,0.00157581605266712,0.003932700583833265,0.005056594006096225,0.02649841878326691,0.11619926602782005,0.05141246715144541,0.006019590514891411,0.0015707110299318324,0.00015516115433276091,0.0032031159639619297,0.0014844775377817017,0.017486575367047192,0.07996188302252352,0.026801665017948,0.003618455883181942,0.000938299236643388,0.0,0.0006294157953897427,0.0003426869701764966,0.016593610309134157,0.05933733493529866,0.035967526378775976,0.003995793934318423,0.004695457996227724,0.0,0.0,0.0,0.019325546471987774,0.06644681823840527,0.03042353081979096,0.003811756879185675,0.014748252998146345,0.0,0.0,5.400680422659615e-06,0.01681744288898716,0.056865853484507185,0.022974652202093934,0.0022091739505551546,0.001488577324379925,8.627291317511363e-05,0.0,0.0002996195003826599,0.023800266438823655,0.04685448997984561,0.02882252473215976,0.0005872352986580216,0.0,8,0,0,2,207,0.5364627049903016,0.04830917874396135,session_4384fc822c6b4278ae349391edbeb1d6,0
0.4797377207236094,0.4835256263928687,0.09358938177390727,0.21039002512704696,1.6422415326633215,4.196626744916721,0.3877669006171051,0.22392602237654322,0.0,2.563268970089271e-06,1.9827639386278774e-05,0.002401462616352386,0.001221831158264538,0.0,6.464715123092793e-06,4.561110961482379e-06,0.00011749572617306261,0.007764330186059967,0.009111629590897183,0.05005057838562267,0.0353523983122457,0.002262103713669738,0.0028501289239477906,0.0011009428702192985,8.189267408116089e-05,0.012610077088617994,0.016732247086538542,0.13147417424525723,0.10316168107396598,0.007943645928570477,0.0021734447634101798,0.0008913579367825874,2.1863176509584957e-06,0.0026833468127983795,0.007731309250504111,0.11238492595045778,0.06654905911160226,0.004960000847386565,0.0012069038860269593,0.0003352605032349114,0.0,0.0010739343082035785,0.005143331121445818,0.08752489221595337,0.05759107487838278,0.003725146021046059,5.8992881443966306e-06,0.0,0.0,0.0016868571531102187,0.004312398481119893,0.06978211403308905,0.04659199348989994,0.005957169019449161,0.0,0.0,0.0,0.0004100099498185441,0.0023839343800128045,0.04469875548956562,0.027730197621063993,0.0002881604359095211,0.0,0.0,7.003755509449802e-05,0.00030508555013849284,7.228041544332614e-05,0.025926843662776408,0.030202131286527878,0.0011794429824282823,0.00015047896659700543,0.0,27,0,0,3,454,0.46235564748153746,0.06607929515418502,session_4420f4e4499d42148c9b2cf5ed1a97ce,0
0.4631873565176209,0.5427659878189465,0.1225929215240582,0.21885028849615626,1.1086690140992463,4.545207986079403,0.3141588075007483,0.25806471836419753,0.00029643152709459697,0.0010009131519857087,0.004219270454664287,0.0006449364273087909,0.00027983293459297586,0.0001247925769914571,0.0013504503437375157,0.00184036279902475,0.009336077437333308,0.007037721292787522,0.006450314636725712,0.01587639806479091,0.012598479178950048,0.004379652511333455,0.009021097433721599,0.003419834393892727,0.0043123405488490925,0.009290443597138822,0.02172773782600156,0.0856044470857271,0.0492109597704354,0.0058104905103651,0.008356727708577741,0.00024437453955496207,0.0007141655026487208,0.005184217258633156,0.032447135080476384,0.10828125408871425,0.05120249593019061,0.001562840231206432,0.003115423089356581,5.718567406777643e-06,0.00012636559266782,0.0021037282257558017,0.02229792323752319,0.08775218697926115,0.05331417116222804,0.002480383552344907,0.0008772184088517131,0.0,0.0,0.0005715454146584841,0.021236350668517735,0.07979297344056428,0.056605067427398896,0.0032738880331701814,1.940052667514249e-05,0.0,0.0,0.0,0.01185146058847729,0.05841659160569033,0.04702202652887661,0.0022863455144335578,0.0,0.0,0.0,0.0,0.007707105005399786,0.04798572802876836,0.028304926008373917,0.0010272775501447495,0.0,0.0,9,0,0,4,203,0.4012067003625396,0.06403940886699508,session_4667686ed48a4de08210cf068f4f49b9,0
0.41374259660173734,0.5254370960340857,0.14389703955462058,0.19724704852907515,1.9600361867006886,4.658792032582774,0.3646273008917775,0.2797776813271605,0.004528187237212709,0.0006150337983352899,6.996359274027624e-07,9.439703205111117e-05,3.062252636093629e-05,0.0,1.2880476817312395e-05,3.69730678558229e-05,0.01836759582025298,0.007463913406742962,0.002708165099296816,0.009984898986385408,0.008193400467048242,0.0029819559588870966,0.001282917018263619,0.0007896916288274256,0.023562231126773706,0.015594149307114662,0.023201003715640836,0.06485124538244773,0.03799633024810633,0.0038736150392877865,0.0014166371773113163,9.046830722800335e-05,0.008492683189531839,0.01562780358916101,0.06173142526709678,0.1288604878959576,0.07376754915633056,0.002382009181447851,0.003733400823683171,0.0007687743085363584,0.002427413759198015,0.009697510074667657,0.048149715917316524,0.09120581319239963,0.03092661683799794,0.00071657070472246,0.0028792529926209218,0.00014521930339295798,0.0013731162347503138,0.006946218699230426,0.021557469225257975,0.0686586461599908,0.030671052391285637,0.0014497353384922932,0.0015992242149806834,0.0,0.0007280519096849669,0.0060786880886337545,0.013914682233075707,0.03341292559077706,0.03471711871698683,0.004975846594453954,0.00014498609141715707,0.0,2.009210868438702e-05,0.0030375680454242395,0.014236281547705178,0.028677000301273993,0.015984779366581204,0.0026272584830766502,0.0,0.0,10,0,0,1,230,0.3326052645723696,0.04782608695652174,session_4b30383221d740a9ad8e03a5c84b3321,0
0.3156400076727595,0.32127208065274276,0.19636006602706374,0.15192762193346024,5.304718650225403,4.453041785765571,0.4138635083859932,0.18558256172839507,0.0014887028022220721,0.017228052096372112,0.006157969572586133,0.0026130380148986295,0.001250838081505995,0.0005641503585569785,0.00032835032196946485,9.536874308125987e-06,0.023167623970025766,0.1631998435297158,0.08487936116182332,0.056448136347282754,0.017926538014341492,0.009311692647056799,0.021157866993834984,0.00205278761525116,0.03279272255869291,0.11474888426763787,0.05815700657769036,0.053848076346906526,0.008049810144101187,0.0032919913655565197,0.018753263757629417,0.0020643564009239037,0.01792742287896802,0.0436296924125349,0.03824516006906139,0.013382201020137487,0.0083637732226986,0.0005438967904386903,0.02132255013266087,0.0015214100206396312,0.0028367121288263267,0.03266051722893696,0.03571539764734815,0.008829834698766846,0.009931949977488388,0.005854133278047865,0.004125042252285917,0.00018680475448906573,0.00028010881344176224,0.021112706125118154,0.02343786818151995,0.0030308252096752277,0.003971960671896719,0.0014708088731078563,0.0,0.0,0.0,0.0014247303670005533,0.0007038934240203779,0.0,0.0,0.0,0.0,0.0,0.0,0.0,0.0,0.0,0.0,0.0,0.0,0.0,1,0,0,15,112,0.5796023040205618,0.14285714285714285,session_4cd169afe5b446f6a13d56db44946027,0
0.4888142775420635,0.7462847869886688,0.1292752133140847,0.170334789143168,1.8374547265746515,4.049314470650499,0.49211370715080927,0.15363908179012345,0.0,0.0,0.0,0.0,0.0,0.0,0.0,0.0,0.0,0.0,0.0,5.871210409449674e-05,0.0003637541027010154,9.251604281557062e-07,0.0,0.0,0.002767558115672144,0.0006194779338681567,0.00010368913414022031,0.0021215114720723365,0.010459389359483207,0.008353344672004652,0.002780320585168241,6.61845537065236e-06,0.007531043105810053,0.017238775200510138,0.010061855040123378,0.009763455218949772,0.017373350459713402,0.019667724599477295,0.010212703634037278,0.0003252769177146421,0.0042040238737885705,0.013951039703591883,0.009522201845761476,0.017256970022263868,0.02789705032998456,0.008060092538341553,0.00040030980064429593,1.2928523931919484e-05,0.0030155248324801338,0.011038278844823814,0.009948653359016736,0.10074705281249838,0.12627453006535358,0.017657445877343986,0.0,0.0,0.002260048315673088,0.0017878369443175117,0.005785692375000922,0.13082093446374654,0.11051919030623546,0.011408366738148356,0.0,0.0,0.0045489663811170864,0.005687625369616417,0.0034247304064720808,0.1105119076331215,0.1310241613711314,0.012424951994255655,0.0,0.0,1,0,0,12,77,0.46971889785694404,0.16883116883116883,session_5003614b2be044ec9c6d0800f863f337,0
0.47501975369671634,0.5579029942481256,0.12864634013474513,0.17388746800037275,1.9127773613632844,4.3261425315057425,0.37293212099362844,0.2194502314814815,0.00020588853621413805,0.0,0.0,0.0,0.0,0.0,0.0,0.0,0.005555676278047252,0.0005270720405310628,0.0006140575389807438,0.0025249140883512426,0.0006331754103554766,0.00022143099014133332,4.455394618415532e-05,7.787553070664011e-06,0.010612051223683356,0.013405105294492849,0.013117276026912542,0.05618495872817275,0.034635476966973056,0.00909178045976897,0.002515951055571799,0.00029468623254818747,0.007273917416248581,0.01768422693491266,0.016605218192788436,0.11163920988237545,0.09380816226661483,0.02347746439688283,0.005728586077987299,0.0004963789592462654,0.0015747346570878348,0.009248968218604091,0.006802027617601888,0.10185458209092339,0.0955561005935699,0.012184581856317229,0.0030449659028437613,0.00023150419820129075,0.0004608533502698191,0.004303284278878055,0.006691222328942356,0.08742473603419497,0.07619457839697841,0.009000566499589096,0.0001866890343040733,0.0,9.398939838115873e-05,0.00213432830289513,0.003309334554569678,0.0577131150018002,0.04141603575378265,0.0038706587677260094,0.00011245422547323629,0.0,0.0002680583519229191,0.0002731194451134974,0.0005015706612933748,0.028172558919246977,0.02032277072844592,0.00014760433398715582,0.0,0.0,18,0,0,1,335,0.26359724775859117,0.056716417910447764,session_5070a5c3712a409e9130229f26ececc8,0
0.545456645729279,0.4298582787686094,0.11206786094650775,0.21525636421257413,1.1698540214138409,4.51663002593448,0.32831594319334806,0.28437162422839507,4.599805583805464e-05,0.002020971934184764,0.0013889721758098457,0.004822219712622411,0.008053008159547775,0.007505648206124865,0.007165803746521354,0.000280063898063979,0.00010188907589127913,0.00637007120262289,0.005841837646682642,0.05768320239276475,0.05661535414427432,0.03025402054293467,0.006325459852879954,0.0008727285542773845,0.0,0.0005542427507486776,0.007391887573175381,0.1053428027095696,0.10032265606844402,0.07707506953739181,0.006230149175415514,0.003874896517057652,0.0,9.410999291866695e-05,0.003702183964015721,0.07139816536077848,0.06636631627309411,0.04061088868007125,0.0017480444991956597,0.0012813671650386907,0.0,0.0,0.0030981550822423254,0.05527699674093628,0.04466664887624213,0.023343658205763982,0.0007696387938403327,0.0,0.0,0.0,0.0026191665037287003,0.03210150201578024,0.03479096775411144,0.015100569844885423,0.00023063289908801076,0.0,0.0,0.0,0.0010604242975665642,0.014013003312164419,0.027834844115801866,0.01811362852382735,0.0001415454880016608,0.0,0.0,0.0,3.3822099880922535e-07,0.004378710516883874,0.03110604997208493,0.010013489268095508,0.0,0.0,7,0,0,5,221,0.47677971425579935,0.05429864253393665,session_531fd0d9fd624c88813609b4fdec247c,0
0.5401765475470042,0.7028565001442869,0.1534485783677095,0.18438656130363928,2.2510581569112045,4.568634060605142,0.3672890973797342,0.2160349151234568,0.00044955772684651294,0.0,0.0,0.0,0.0,0.0,3.7528984227081483e-07,0.00014946411770859242,0.004841969792881091,0.00026293991475310986,0.00014660006364915725,0.00017672201151563055,0.001636559993755177,0.001482592397939335,0.0024509389514828454,0.0043213045169727396,0.007024339481976764,0.002916002074444231,0.006111970371222491,0.008196962222297368,0.014754658413555817,0.006696355911929034,0.0059625852619017445,0.0033632883101401578,0.006166999713357569,0.006828161654953937,0.008362030496605641,0.018806445567487225,0.012788692698771672,0.013163330721842753,0.0036989949500998826,0.0008050559679617827,0.0022256070293446635,0.008380498707264757,0.005831944892597578,0.02505986070505189,0.04479102044389441,0.04868030709612255,0.010125813746890625,0.0,0.0013784988469515878,0.009130268555830962,0.011845589325145114,0.05142008096147519,0.1249671127585589,0.07246331324518736,0.00644700543988552,0.0,0.0004586041872549357,0.007452406927329033,0.01167125731736184,0.052386017759189385,0.11714312938318784,0.05200294559071569,0.003946864014871275,0.0,5.0980162257945954e-05,0.0016762222044541136,0.006143711991039817,0.045387296746971846,0.09504560917205214,0.03248897991006317,0.00975575821031464,7.839607284067705e-05,3,0,0,7,233,0.6349903694245461,0.04291845493562232,session_5330e3e4aea04b26bb70a0ad5681f6b5,0
0.4842875651156873,0.49678393761447126,0.1210413407289334,0.20126025194951533,1.1788716288711234,4.69054543424304,0.260942404506302,0.3425405092592593,0.0,0.0007641586560067179,0.0019209957351439698,0.0012880029020074589,0.0036125832974641704,0.0015109880339610742,0.0,0.0,1.8978145926746727e-05,0.009016860913360722,0.017237329420307628,0.021841658248100516,0.0250059111374451,0.008547795722297889,0.0026933017382947087,0.00036876445049484357,7.364943172253671e-05,0.005357451923646856,0.04269107522781858,0.07378559803360113,0.0678214273936658,0.025065324265494023,0.0050194340093979006,0.001710059193278999,6.412263955942251e-06,0.001411743430985827,0.04430710584460078,0.08344525877203098,0.07849996993240935,0.022744052382700292,0.003940514020011005,0.0012329005396432022,0.0,0.0011159494666181848,0.03760055669228052,0.06753794066532788,0.060570029789546266,0.01288765907533645,0.0021619675369168585,0.0002903839534333848,0.0,0.00045354643459803295,0.0216038009745348,0.05584851279661571,0.04527849378398365,0.01185923970594543,0.0008336050911867042,0.00020221801826773175,0.0,2.1413728538583617e-05,0.008505884302928713,0.03699155327017918,0.03058589556264868,0.008265742323550122,0.0010456839859581118,0.00011472025178320212,0.0,0.0,0.0012965058873204646,0.022462289960636244,0.017273184213889847,0.0037499135152634514,0.00047726642277791343,2.6737524159147433e-05,38,0,0,1,701,0.3866585459674314,0.05563480741797432,session_53bfc079e9454eb8b4a6dca842130f0b,0
0.4869635499341736,0.5121786605105323,0.11016383756006336,0.19006419205062342,1.299421730705307,4.242554709762405,0.4341620236295484,0.1947704475308642,0.0,0.0,0.005411424037625143,0.0003893823324857157,0.0,0.0,0.0,0.0,0.0002976212134742914,0.00043078086254391603,0.013381749532724333,0.011621854163533061,0.008472601956410673,9.927936195563765e-06,0.0,0.0,0.002490972204718478,0.006803817089052961,0.022703720166371004,0.08917081925088516,0.0700459273075548,0.002485719073430534,1.68919496919665e-05,1.445815950810257e-07,0.0004045874969017369,0.010600770745205832,0.017232342960652264,0.15585214006544437,0.1282849360098728,0.011024226140265641,0.010081096298619597,0.001353066857565779,0.00013997908097094637,0.003872473442650192,0.007125173781053054,0.07885627187007474,0.08041088547118347,0.011611974421202525,0.011533900359858771,0.001029420956976903,0.0,0.001097567082125093,0.006972254647322356,0.04776857826507773,0.040666296569912504,0.002871968804689494,0.0017662569593748369,0.0,0.0,6.973652269408139e-05,0.009259487287639156,0.02480176778952428,0.02922733812415694,0.0024797912280322123,2.8771737421124113e-05,0.0,0.0,0.0,0.005257372348066311,0.03138230270190712,0.03280002162940662,0.0004038886858588453,0.0,0.0,7,0,0,0,125,0.24545925654410553,0.056,session_56da31a494eb40e3b47344da6e05a8a9,0
0.4503229015607586,0.5504127821836327,0.12034575375677375,0.17937281194347157,1.427463404668047,4.410056233857149,0.36995836869933274,0.2572781635802469,0.0,0.0,0.0,0.0,6.756706317089939e-06,0.0,0.0,0.0,0.0011344727864662301,0.0033188687144899438,0.001736963929595774,0.0059628296512099195,0.004984578453542858,0.000468392318562138,0.000838358315800861,0.001799590605352027,0.0018395859475838336,0.004999199820707528,0.02778310413295919,0.041618459292597186,0.0309189423916499,0.006872605626254861,0.002042123668395312,0.0012460492566433363,0.00013188291550642484,0.004524613854688058,0.07736267080685663,0.12049361517589659,0.09734366811523548,0.028450056433936458,7.753865394531438e-05,1.0171385853683779e-06,1.730951914028686e-05,0.002234144902761642,0.0673987085718319,0.10359434798610465,0.05382067131110308,0.004544938463206401,9.911652250634354e-05,0.002895176004116941,0.0006603953897394438,0.007832548329385292,0.04051430086861274,0.05566229153585765,0.03326702497916183,0.0018448895987789686,0.0003587956359886953,0.0014641165040707067,0.0008257348994288785,0.0026771632462566437,0.015133133178622922,0.03433618293789619,0.03163637019492607,0.0035827980142040133,5.336344935379097e-05,0.0,0.001711426485827418,0.0015838845724978332,0.007371984345292686,0.03222305936360436,0.02554272925636217,0.0011574492205821407,0.0,0.0,10,0,0,1,206,0.2925747553200447,0.05339805825242718,session_591d01cb80994e97ac0792c844c31129,0
0.5269558527265933,0.39699346516641637,0.09109220800070118,0.11668208600467508,1.9661043283073463,3.4430844027445535,0.6676007190502625,0.09733506944444445,0.0,0.0,0.0,0.0,0.0,0.0001306268162192695,0.001627449131277228,0.0,0.0,0.00044714115298873493,0.0066788063921196135,0.010908175259265452,0.012889082899806432,0.00585635133519156,0.006022211225389591,4.172747061723018e-05,0.0,0.00027968683008305635,0.018465747404914936,0.17531927056648056,0.2054488765568809,0.04074786671709222,0.006451269178157438,0.0018024867316948916,0.0,1.5944327076481243e-06,0.002614480754516668,0.12092162099362325,0.18810133203186144,0.04902091137384683,0.002538686867999444,0.00011157140093274313,0.0,0.0,0.0003935137699680822,0.03543171696097237,0.0420425460757025,0.015349253679104863,0.00025386479793968185,0.0,0.0,0.0,0.0007277613095348049,0.020273522986566903,0.005239772540563243,0.003753877922843068,0.0,0.0,0.0,0.0,0.00015057666936618382,0.01720447335596002,4.145525039885123e-05,0.0,0.0,0.0,0.0,0.0,0.0,0.002709680053744049,1.0111036682646642e-06,0.0,0.0,0.0,4,0,0,5,113,0.34920350355990365,0.07964601769911504,session_5c23f02c089049c0ab021824fbf8b0ef,0
0.5516439104910407,0.4529959297269216,0.1428823705986923,0.20277942230842072,2.0297285889878545,4.731106904419992,0.33901003618872183,0.2667799961419753,0.00017615198675200976,0.001207196726675629,1.201834694959655e-06,0.0016774099286374594,0.005841452820675521,0.007360460936517298,0.0005997340025494057,3.6979529075681693e-06,0.0004076993080593907,0.008191668301315933,0.0035955011222639933,0.05448835613549647,0.04986009072520684,0.01591539764170819,0.0012514612229792199,1.573478962170256e-05,0.0005132388840413863,0.00843275634112484,0.01106900847916565,0.1009140840363866,0.10279262562366669,0.04818512144548837,0.0010581877142651695,0.001972913345481232,0.00013643597252472762,0.0040848142509934135,0.006799000746561223,0.07408832009524743,0.06772787807375925,0.02846526985247405,0.0035735352819930384,0.008910531856782648,2.638489399549889e-05,0.0009019492039204144,0.006268122627150736,0.05112928363237785,0.0573859795850442,0.029082938926625165,0.010484399104008198,0.015747787926172662,0.0,0.00011857485998117336,0.004356022117234463,0.029481522780767398,0.03920786002848866,0.019793071060584172,0.019021567145478226,0.007897921412103256,0.0,0.0,0.0005046041640022146,0.00681675092051755,0.02221099605896216,0.006443479554027619,0.01330183244475531,0.0031163573640303854,0.0,0.0,0.0009988540598632383,0.005707605415186091,0.016936032644197005,0.010410329107269608,0.002269174842671056,0.0010636606845683704,12,1,0,0,257,0.4372810091100208,0.05058365758754864,session_5c7df5a171b34c96b4fb4bf403d83fd6,0
0.5298264519673576,0.5808099087100769,0.11582485629827487,0.18599522311312103,1.3952904629894491,4.187097525901334,0.4559969336373583,0.1792013888888889,2.8529750574731203e-05,0.001033424807936224,0.0018098077757598482,0.0010775026496538656,0.0008134841019771391,0.00018186781610913803,0.001384079113471763,0.00503070448998972,0.0006513254847366582,0.001483073610444171,0.005116667493904849,0.002914594335351994,0.0018855798032688068,0.0008531267510290145,0.008264034693771375,0.01256662008219359,0.000571541850378327,0.00011063064851686161,0.010760275743403075,0.018118135791845347,0.029720325720549372,0.002873257343034545,0.005741606073961472,0.003073962269566824,0.0016481724115866767,0.00020277302198878824,0.01731302373894516,0.07791307939313807,0.08011188844922343,0.010199522872936415,0.004999234555512965,0.0016721673022447258,9.697623514135707e-05,0.000581508575469936,0.004269869613309007,0.1279869776763298,0.1531764550870464,0.028308887946701142,0.006082393321656318,0.001536320839246093,0.0,0.0001280475006144486,0.0008397464225935292,0.07755352978545826,0.09511980800898122,0.021332030881698362,0.00034317926171683217,0.0,0.0,0.0,4.1685827695655285e-05,0.03308521669554027,0.047711036932098494,0.006126047577557566,0.0,0.0,0.0,0.0,0.0,0.036116496464902274,0.04814207287549786,0.0012976925237402409,0.0,0.0,4,0,0,5,113,0.237613891685721,0.07964601769911504,session_5ccb7c7f5a1145d48c8e8ef583f41699,0
0.5164277926710813,0.48756440533784506,0.153034537606569,0.19276423583041974,2.8307377639523414,4.6200854445445065,0.3837887285330089,0.23901427469135803,0.00899392341682891,0.0005143795916613971,0.0004972005556942626,0.0003775341025615966,0.00022794091892788004,0.00029265064451433013,0.0004730608738228946,6.29493296746236e-05,0.014554670116880778,0.013860365922369252,0.01228127055502511,0.01676947075275197,0.014054920022279732,0.006248555640681826,0.008211579192290291,0.0010175897747787916,0.009785251730848578,0.009175466774540491,0.01699589408899724,0.07160143276802164,0.06337344344832341,0.023285161414444526,0.001696272984877329,1.4791372546496254e-05,0.0012491931265807014,0.0046719895778087,0.006455655090768542,0.09439766951100106,0.12750644714651052,0.0409559953429232,0.0016774549596129769,0.0018292739311811866,8.700807380291915e-07,0.0010363470967358396,0.003672610795221217,0.053655835436247655,0.09787550362751836,0.03647340008390411,0.0017003198720309531,0.005492900636921358,0.0,0.00019580863492810432,0.002146307070796102,0.022628189753925183,0.050591370608037305,0.03337265491236152,0.0050756868058184764,0.0025614974583221717,0.0001490468538679773,0.0,0.0011800318251252648,0.015754956612209933,0.031595929810870144,0.018106886019281676,0.0030068169207069727,0.0014546535873701993,0.00021314954638138378,0.0001883623625654359,0.0004056397338435163,0.01165740243142241,0.018502105018704612,0.008116335703129748,2.7458129337339833e-05,5.2467891946737055e-05,9,0,1,0,220,0.3102749397790514,0.045454545454545456,session_5fc2cdde8baa479e99b01b07609646f2,0
0.4716581794708183,0.5171586169637242,0.11862383768876288,0.17617406013027523,1.4850458061196048,4.302266298451339,0.41388749176792067,0.22021363811728395,0.0,0.0002728755442679522,0.0006819735232769924,0.00011199697804116317,0.00020476432689740828,1.699012029888055e-05,0.0005970444555218785,0.00016585286000250695,0.0028037143891439117,0.006081494048731239,0.009674678387681943,0.0070598794933188665,0.012740652187624418,0.010861854968413989,0.00984050971394516,0.0019448411976092468,0.00966520354239486,0.004340986503233625,0.015235228215538,0.027994636290082982,0.04883539831485139,0.019129626499660747,0.0021788483424608754,4.0741834734451206e-05,0.0002345454883338491,0.008171731054018612,0.0415370757263874,0.12877996530182453,0.11579845824025464,0.008166046146846363,0.0021421979181913,8.518747262657978e-05,0.0,0.0022400256957804186,0.03711643592152442,0.12564064758586432,0.09053007947909368,0.003120066553035996,0.0003826114796837891,1.0013188769302224e-05,0.0,1.0508464772945131e-05,0.01999476600932846,0.07090685660745455,0.05000967618574943,0.0020483538823706142,0.0,0.0,0.0,0.0,0.009477623139449933,0.026137911153643598,0.026661224085840547,0.0004637290755847815,0.0,0.0,0.0,0.0,0.0037199965296225764,0.02418320750344007,0.01194599260664902,5.275766125761387e-06,0.0,0.0,4,0,0,1,89,0.26124751064788565,0.056179775280898875,session_607e7f830f1e4e3cb31aae595e00dba4,0
0.5248337449924733,0.6272721847162842,0.1330821254076511,0.1746651977549096,2.402653620234766,4.370711354290457,0.36844479400142643,0.2223312114197531,0.00028033499704499613,0.0,0.0,0.0,0.0,0.0,0.0,0.0,0.008938254742488163,0.0014335784671567695,0.0008564699418836137,1.583940476190922e-05,7.973998212880777e-05,0.0,0.0,0.0,0.0059262777185370725,0.004863502338034691,0.00921203679430069,0.0044657760078251904,0.011296098050633597,0.0009723821816956469,0.0,0.0,0.0005824444949624514,0.001372355235984851,0.01390527489249519,0.0739778463269937,0.08993160934455982,0.019788864853517895,0.0025849309445014593,0.0001826961130812177,0.0003753339802151231,0.005208299593466512,0.013240113505998323,0.10051167643099193,0.1208414026612971,0.04121678981398211,0.010461383886921779,0.0010659395169146308,0.0003296505905944866,0.000994044346364121,0.004910440148599828,0.07421579312973495,0.0752573556903848,0.03913241027173791,0.008640638692730114,0.0017460041731401964,0.00041410869329067156,0.0010974498221324714,0.001523260203338265,0.03374133967438752,0.05724967496455512,0.0334429747166029,0.004497398649247016,0.0017694262716711048,0.002697435652792609,0.0019467489696616985,0.001727262749775337,0.019411396485427054,0.060007304099983116,0.03010063563943209,0.0013646414833112025,0.0001953526587302137,4,0,0,4,122,0.33201321465735845,0.06557377049180328,session_64cb355f03bf4b508606d10d07adbdf4,0
0.7135253105806068,0.5783040407884615,0.1087441034451793,0.15734784729413917,1.6809079331822485,4.127494586545757,0.37253949028140804,0.21313850308641974,0.0,0.0,0.0,0.0,0.0,0.0,0.0,0.0,0.0,0.0,0.0,0.0,0.00014253447314453333,0.004004232728220091,0.0009773518944296072,0.0004513432107968265,4.78624825871502e-07,0.002079720593376851,0.00017609564593464304,0.0009330886705330107,0.015286243108711895,0.02416308715922726,0.019527854605571215,0.005164955365937588,5.073423154237923e-06,0.006412826011949768,0.0023851789572480434,0.0034679623283206252,0.06681537476189851,0.11198467374385584,0.08611996045869719,0.009514448898548347,0.0,1.3037740256739716e-05,0.0001224513754509651,0.0024022945810212083,0.053089659180451096,0.10975349711058022,0.09773147531431196,0.011848874479260975,0.0,0.0,0.0,0.0015241328955052113,0.023274931787347065,0.09288597330215405,0.07845072513384169,0.00858421283197753,0.0,0.0,0.0,0.0002776789789776107,0.009760653508976647,0.06481395719003423,0.04142199206026507,0.004176939710387564,0.0,0.0,0.0,0.0,0.000773093963740685,0.018213493398748965,0.018584829683653114,0.0026836111086754426,12,0,0,1,353,0.5279201084946368,0.036827195467422094,session_65a6e1a50bc04fa1bc968df0f2ca742e,0
0.8110634158765594,0.4583349404461996,0.09924986091765406,0.17366715790018541,1.2975078261521726,3.7738588760768574,0.6057630109513304,0.11826630015432099,0.0,0.0016828346864252808,0.0016943369323439998,0.0007107546350018253,0.00025203244334705537,0.0003017235484288388,0.0029910398205649637,0.00015096697768318817,0.0,0.0005730783622064253,0.0010043073806896227,0.0006799300186525751,0.00027121454248589484,0.004616784091271724,0.046158162193590514,0.008518324866207488,0.0,0.0,0.0,0.0,0.00452199576591106,0.04306447885533015,0.20755210114121217,0.04721882356571728,0.0,0.0,8.170802741041312e-05,3.2963753547548635e-05,0.00366883070201924,0.03151036762650805,0.1957339993414263,0.04958109732127421,0.0,0.000319643205942453,0.009595608386399716,0.005321647332022498,0.004066219271381816,0.010444284768957403,0.11383344958316632,0.034349458570347983,0.0,3.14558371618629e-05,0.001411094126595542,0.00257976439332491,0.0015950599256492018,0.002251775045526801,0.06294572517978396,0.027342697143410213,0.0,0.0,0.0,0.0,0.0,4.425559252873019e-05,0.02757533708068089,0.01659595240174259,0.0,0.0,0.0,0.0,0.0,0.0,0.0197014886641509,0.007423226891970416,0,0,0,7,164,0.7810649520211208,0.042682926829268296,session_6dad1061e4a247a9ba9fc25d414d2e80,0
0.5697772213446627,0.43461009025447866,0.11469196302377176,0.25844069173061085,1.6890827527514765,4.71906627686981,0.26799092403092045,0.3596127507716049,0.0,0.000187525497008811,0.009269787748959833,0.01779918928482512,0.017399848853455753,0.007681893383722875,0.009134153322657022,0.0026067120547925544,0.0,0.0008250404225920473,0.016634000133591904,0.06722576535189047,0.09079117045830304,0.0605358884717362,0.010857999532980363,0.0004959185464759062,0.0,0.0011368560745950702,0.008772351112649443,0.04973347862833131,0.07071490162501856,0.053411975907086275,0.01428718505846302,0.00011827299892298427,0.0,0.0010874629517076302,0.0014390525573741353,0.025467778681271244,0.052346773672678856,0.04277492744910673,0.003698632670286897,0.0,0.0,0.00042178055928637634,0.0007884820592143361,0.0292285840306886,0.04608462550379881,0.027479578931562856,0.0005498797396834755,0.0,0.0,0.0,0.0009693969650348029,0.023844015993490432,0.03446069444605454,0.028364183678933383,0.0004732438046753855,0.0,0.0,0.0,0.0010942391526961,0.014884235989548918,0.04495945872092927,0.03406145062040191,0.0009757453407062816,0.0,0.0,0.0,6.875566868545013e-05,0.004181192026219344,0.03570569372013158,0.03437195519482061,0.0005982654029534852,0.0,11,0,0,2,324,0.6541442936639656,0.040123456790123455,session_70f3c13f8b214ab9b7a270abd93bbc4a,0
0.4694323750584472,0.28680643983893245,0.17408809907645512,0.15694930260266696,3.9360686647494503,4.52800392350633,0.39081301975138344,0.22898485725308643,0.004987368655626489,0.016509260490749706,0.02005172540402718,0.013693182446893944,0.009680726865775474,0.008339375708879085,0.013438147222150611,0.0069474317173758415,0.004147685395568608,0.03230578332905546,0.07548630414491019,0.07297778714199973,0.09738769569244322,0.040413792975580384,0.015231618829284175,0.006939502547975469,0.00445299786608694,0.040479908835854145,0.08451034982450006,0.1025934912683178,0.11402323116453916,0.039006858514564,0.005151967955741191,0.007068361412882521,0.0016016330459693202,0.0043325218295260535,0.00977512737510429,0.0303695669484132,0.03316542758272821,0.00327715332719684,7.05341039197336e-05,0.00012359247627546162,0.00015235050857830603,0.00012895748641700736,0.003686314247697666,0.014548191489598813,0.013610616518759715,0.002822547614908803,0.0,0.0,0.0,0.0,0.0013773282837279302,0.0044948133863078115,0.008479911360564796,0.002617079561068796,2.9882317516330095e-05,0.0,0.0,0.0,1.0079118317389226e-05,0.0020055867507445284,0.011574693791553063,0.002653036963598347,0.00036207901164836404,0.0,0.0,0.0,0.0,0.0006401522211171572,0.004926479735380343,0.0041839386626280235,0.0031558488699523317,0.0,4,0,1,2,202,0.7028492152740426,0.034653465346534656,session_733fea50b4a84631abd7c47bb083d552,0
0.4982604111674924,0.43073504887435893,0.13249068450130103,0.2188561116946744,1.2422436086359083,4.634802108607094,0.3555994002776217,0.27674141589506174,0.003751736075158696,0.00013627716536454725,0.00027649034755166996,0.0015220122136382112,0.0028976797615968457,0.0006717732430248887,0.0,0.0,0.007115448140140079,0.0062557152596029566,0.02377271089123743,0.07149011089618613,0.06243786557363282,0.022452721169186084,0.00047447792742091784,0.00144948269761618,0.003258804360323392,0.005499090196634105,0.034724588694648104,0.12656995893112577,0.0971024052880129,0.045713294956971524,0.004931829078687049,0.004343186884432434,0.0003405346815793048,0.003913884145065599,0.011822904480961318,0.07572117074862268,0.04575032120567434,0.022771024278360488,0.0008188299519487506,0.0010056028507205096,0.0,0.0004356122336703612,0.008344593011608066,0.04800999044141281,0.03539216879412332,0.012551838973319088,0.0004576262373061727,0.007440298091366106,4.179298264372835e-05,3.125078683250866e-06,0.008893004762560577,0.034577808891430355,0.02620558464614823,0.0155963380960917,0.0014996619673592652,0.0005503105329372712,0.0004107896150154255,4.3711543607496286e-05,0.003873416354015401,0.02440658761048315,0.015858607357736677,0.004390082843660205,0.0001519025587808016,0.0,4.7983803073206335e-05,0.0,0.006120347927272773,0.02227223798573884,0.029054766351217665,0.004299020424307756,7.885878930456458e-05,0.0,7,0,0,5,216,0.5383859563821277,0.05555555555555555,session_73860cabfdc04dee93082afac209d4d9,0
0.48871320132110063,0.44315437324701895,0.13560176480589684,0.2076895946824391,2.0186722420825967,4.7139579733603165,0.33044193254773324,0.3116237461419753,0.0006850291990174339,0.005518268409593729,0.012042463827723072,0.014483936871929743,0.007694738726546349,0.0019717732350096407,0.0,0.0,0.008537776765975608,0.02275268606224344,0.013788443067051879,0.02725452931703773,0.03875015040774649,0.00572915369596379,0.000582865130264638,0.0,0.002810752885627644,0.018865789333564763,0.016940637259279478,0.09707815291321463,0.09921844990510162,0.03527881927717915,0.0008123653405210418,2.3042257134987128e-05,0.0006738099340805297,0.012326031168258368,0.015868618885846494,0.09903966278478422,0.06439017886677878,0.021598728483307152,0.005446777039749152,0.0008603616577847486,0.0,0.00320374579225158,0.010528936354149766,0.061090842924840565,0.04580733637628643,0.019296615815222563,0.0037283512418124732,0.0002938642443787332,0.0,0.0003744450635443905,0.003850304148570571,0.035499246808316176,0.04005519073379275,0.019296565504617464,0.003004264243037117,8.804355892189404e-06,0.0,2.3981388430154e-06,0.0012480384104699724,0.022469588287355728,0.04010508208384849,0.01071476695918091,0.0004115575199051813,0.0,0.0,0.0,2.91801509569706e-06,0.001391222392579521,0.020476617517398037,0.0061153043602943675,0.0,0.0,15,0,0,0,297,0.42077022807724623,0.050505050505050504,session_76c9cf0e57b84eb489804a85a2759687,0
0.5572836131357087,0.5228922418107215,0.09753437763857563,0.19307152492861865,1.2996036194903422,4.343245315408112,0.37470844930404357,0.22425443672839507,0.0,0.0,2.277640514913512e-06,0.00010613398077976446,0.0014530329681346906,0.0008466721892670462,6.100822807804051e-06,0.0,0.0,0.0007398467819023972,0.0033415223322144087,0.012083208308832598,0.01786983874203474,0.008516484270706117,1.6289196896836816e-05,0.0005035619145561463,7.95140572617128e-06,0.0013846224083831813,0.007288836033167733,0.05761983109058613,0.08048012255332856,0.051829885876991756,0.002290533587114005,0.0015116822113937136,0.0005883633515846226,0.0017178290140694124,0.003461362828235706,0.07278072148127164,0.11806712918360111,0.06268253788941425,0.0036309860383686846,0.0,0.00020244563683896442,0.0029410846591861766,0.003513829904382821,0.045679992117736934,0.10478484482404668,0.0480048123290308,0.0018283352511947698,0.0,1.8505829183672286e-06,0.0012782443946911047,0.002950032532637623,0.022055287893252683,0.07871867265618335,0.035809531905218836,0.0018107445454322681,0.0,0.0,0.00011489882954697629,0.0025797125882039166,0.011372930181472025,0.04371607624767673,0.015872124313619305,0.001332948439201081,0.0,0.0,0.0,0.0006553910581663632,0.010725327840423625,0.03767203176413731,0.014497629271097077,0.0010433220444385966,1.0534087381474994e-05,16,0,0,1,334,0.3385681023829602,0.05089820359281437,session_7f56ff2619794811a358daff63450ed2,0
0.4726264494629868,0.4911551772730886,0.08994995633301947,0.20133209659968876,1.588985196009783,4.04308319784652,0.46459429318758494,0.16825617283950617,0.0,0.0,0.0,0.0002285089713293821,0.00023270001404415637,0.0,0.0,0.0,0.0006392034021274954,0.00021221663971631913,0.0017191601705504587,0.03877344555335919,0.029996042101383267,0.00017052825456671003,0.0005853027070805307,0.00012911742191476806,0.004210665676359355,0.0025464331450972292,0.009987532341804791,0.16147904395376864,0.10269961436855975,0.002357697446683553,0.0023683277073442057,0.0001794099344920595,0.00012564801569392843,0.0030252667140726335,0.012458665494284916,0.14769176240840073,0.05618006717880653,0.0042370331636377365,0.0041766377401453595,0.0004009800933797623,0.0,0.0018388685627943096,0.009131338397001101,0.09397602834588148,0.04728614718830993,0.006307963369731568,0.0013696660654879567,0.00016034207790232484,0.0,0.0037413799133037017,0.007350006466973195,0.05190295543450566,0.05271890426714761,0.0019698455864434476,0.0,0.0,0.0,0.0055371445732102995,0.0022270534860316152,0.03923401616798809,0.028937096057033707,0.0017382280271401934,0.0,0.0,0.0,0.0005614331922811541,0.0015787741172304036,0.041706120754210055,0.0131464960940037,0.0007691812367850317,0.0,0.0,6,0,0,2,112,0.3299292062057537,0.07142857142857142,session_813234a27e504dc3b55f6f6e8bcc0561,0
0.47435702836778104,0.6988116007613084,0.12424457578321822,0.19169188027676762,1.8629266629862753,4.3924521608961316,0.3359430496503364,0.23244646990740742,0.00011570603262527093,0.0004860291748372415,0.00036875911583993245,0.0006043206388122082,0.0003621040240323824,0.00018889608305554576,0.001746363120002796,0.001915405643805123,0.0017776755663491109,0.010254858097323617,0.005414435867657196,0.00935231912394095,0.0018158505773890623,0.00038130324572178937,0.0011190608691932927,0.0007479237948897513,0.0007944136808259464,0.004787819873317055,0.01068763057824768,0.008104609105921132,0.005281653220561712,0.00028259403030285137,0.0011705620233011201,0.0028582103165413824,0.00027506116859262684,0.004908888282075029,0.033253051966052966,0.019805952205588395,0.004616191918165033,0.0005489892160381648,0.0014263282134876847,0.000858905829493356,2.1720815227999136e-05,0.003969307418799501,0.03573099640130299,0.07592052128679791,0.03308587669822542,0.008633090425142266,0.0012600307155628124,5.697524640996099e-06,0.0,0.005189024556650392,0.03976718988668629,0.11444226739775856,0.07368409125040556,0.03579673338728692,0.0014490065958822377,0.0,0.0,0.0016489147013531542,0.030555234149909374,0.10278778125144133,0.08227479336897504,0.027963977599950462,0.0003014102251256368,0.0,0.0,6.316751408700998e-05,0.0072437083448307895,0.07683826961867601,0.08023871830273135,0.02481659795856256,0.0,0.0,6,0,0,10,207,0.4887360072592115,0.07729468599033816,session_8239ee853ef64d808ffe51eab713ce38,0
0.6880180623300821,0.6052541979878119,0.17344667559891452,0.2231359894196824,1.9320685945518667,4.981693896794007,0.2097094541538584,0.37551601080246916,2.6902522004755532e-06,6.540095866673327e-06,8.924215920198214e-06,0.0,5.978853597263772e-05,6.047501412034528e-05,6.812831779411194e-05,6.291479456422483e-05,0.0022296253633637838,0.0017910400408324624,0.0033482229515897927,0.0014120484429075374,0.013478256291699778,0.014620240520606474,0.012637450435002185,0.00679495551737562,0.006803879733295818,0.0018360878500928391,0.0017919862674684918,0.0013270457501042357,0.03702059763767099,0.04453035316471297,0.03503106336810206,0.013870903238725049,0.0031828466551143525,0.0013974932508297921,0.0009132014710855636,0.0012161331455908366,0.046571762918092445,0.04253781323406488,0.03856734422523682,0.02210980060268143,0.0012437685294019287,0.0011074840636185275,0.0008209258206092521,0.0014106847633438481,0.03813965906248329,0.04574728410923222,0.04127063023378709,0.017137713592689417,0.0020221327048533123,0.0023151753833389062,0.003088075563803807,0.002272660121839667,0.037075590103341396,0.06284899470609388,0.05392526117594541,0.013250540358027111,0.004552648861742698,0.006160269362893082,0.0028041890195315555,0.00492665885473088,0.0316823116428039,0.06822961970455743,0.05540059548268621,0.01494461072213002,0.002825432735183587,0.0031509532514411285,0.0027321923046077943,0.005262791952082712,0.012745329548241254,0.03738298388580677,0.05409629627877358,0.014136922797693453,11,0,1,2,480,0.6388328908119449,0.029166666666666667,session_840da75e8fd24d2ba65113dcfaf29b22,0
0.4511165493064876,0.41040965728524026,0.15815719667975411,0.23195006117099232,1.797660021917551,5.064403661247236,0.23154320633911485,0.43061294367283953,0.006553462417148057,0.005665062137965175,0.012015953571347614,0.022310419757505112,0.01619295396882096,0.004934865191425751,0.0007135872294315088,0.0004758712103480587,0.02177737733783035,0.021833996766724317,0.04908790750772614,0.06946550797430266,0.04943409905555572,0.013080529460125976,0.002482313776159052,0.0026493906390269413,0.00911621226741005,0.011068174961107081,0.050749768823705126,0.07396584044453504,0.051545751510817056,0.017314138025668127,0.001408785531380153,0.0034357002773282236,0.003512409018303897,0.004704333578793046,0.03027535904324606,0.05758189162021079,0.0440246238661996,0.020748903654508245,0.0022586512668726715,0.0015101442186264882,0.0017406645704340347,0.003712356229807722,0.01977777009289021,0.04793247928157377,0.033902572174034834,0.012808963400617853,0.0028523895341485595,0.0014112966953903666,0.0001494761931460785,0.0017569589844375283,0.00935710383918803,0.04169921842779084,0.022531379668753595,0.010820921023114882,0.0006023077552210562,0.0004047703603010239,0.0001219096931595183,0.00024572246577072313,0.005913746200752428,0.025186141721380857,0.019644216706517413,0.006274306561483503,0.00040875669240692355,6.90401190431375e-05,0.0,1.531472221475567e-05,0.0039631685885498195,0.01583371112463336,0.023266114727831657,0.005437751121327632,0.00026548521392285267,0.0,21,0,1,1,473,0.5825467124807059,0.048625792811839326,session_8546e20627594735b45468c34e8a41cc,0
0.4884164403756052,0.48860723330104566,0.12233060129239838,0.23991012980865964,1.3258283418141565,4.873631653488455,0.2646857072395012,0.3694627700617284,0.0037218715522837785,0.004189657596911843,0.011238337260961804,0.0199686622244747,0.008005891950529885,0.001706193939193608,2.6626098664156972e-05,0.0,0.0012160521281535481,0.004502522912294578,0.025398724384815937,0.0465149402998318,0.04968533883678365,0.01285837436160841,0.0011680859096670996,0.0006457781094735913,0.0011648196825661216,0.002951284326661859,0.02518086819132455,0.05592727194833055,0.0700478411092929,0.016081067156491474,0.0036442438368025822,0.0005717628642489538,0.0011612533780636402,0.0004152609579264707,0.022443885295090116,0.060417445521409416,0.07252036348329478,0.00941629036191089,0.0014564025853191608,9.983344319243945e-06,0.00045603686021535955,0.00013251879707925894,0.011269429896332953,0.056702891241146906,0.06747950171270331,0.010003311007882433,0.0009455208092598161,0.0,0.00032070195213737746,0.003142272051280181,0.01215801678937678,0.05673981230297033,0.05102951247394059,0.010397497299072557,0.004116484876699119,0.000241677722595339,0.00021431297186594314,0.004820224090416922,0.015018193000366832,0.03916080492392853,0.04535038607035163,0.00932614018563619,0.010603523518081602,0.0012855315880400781,2.713392195900869e-05,0.0018409633167841416,0.010805856476764453,0.02277671729911134,0.016990797964902764,0.0018951272877554847,0.0004639658284781579,2.8034154163518546e-05,19,0,0,3,439,0.49529010983682087,0.05011389521640091,session_8705882700ca4baca7ec4676bc50ccd2,0
0.4606923075738757,0.5361854701548063,0.12510159810063257,0.2227643260030546,1.4238761906667181,4.582491644067347,0.33051794231673803,0.26186824845679013,0.003245859068564368,0.0033683224600466353,0.005932107859586798,0.008063126529842153,0.0010111103219588987,1.4479857106978125e-07,0.0005190485778210146,0.0010001056305575953,0.0024857027700907835,0.008419222415745513,0.00954468740920677,0.025635591517728665,0.013842001301594355,0.001604512966024246,0.0038960770519532203,0.005506019964392583,0.0006717929704782501,0.0100783968423486,0.022408375265189535,0.0635649799153522,0.04170459484237626,0.000985517174522315,4.1882986681934225e-05,5.306867629707483e-05,0.0008137679694121706,0.02232969534163449,0.030131695748373676,0.10984278422746813,0.06413257221412436,0.004531833278056479,0.0005317908520751554,0.00014358588303707182,0.00017026501975667902,0.0042930242347196425,0.0296283940151565,0.10667982234084121,0.06821918608578403,0.008222386858197529,0.00993452136216939,0.0035347865173127324,8.602845103683379e-05,0.0009110726091710636,0.009521193841050699,0.06479723385497743,0.03537293342574378,0.0025601654352634187,0.0013548440298571758,0.0003360774834529623,3.257967849070078e-07,0.00014409267803581607,0.0035529949376247576,0.043446232055203586,0.032688892812930165,0.00040129113989851504,0.0,0.0,0.0,2.7801325645398e-05,0.004849702341197416,0.053808687494348334,0.047860724191229394,0.0015573448314982648,0.0,0.0,4,0,0,4,109,0.3306290739023398,0.07339449541284404,session_94ab41d83d844d7691bdbe1ca96bad90,0
0.49510958151611967,0.61322964893734,0.1276221123585186,0.2225957495513421,1.5855653875585394,4.560186448581849,0.27427319666197514,0.2796354166666667,0.003396340725101544,0.0035791348525760196,0.0,0.0,0.0,0.0,0.0,0.0,0.009335070019645782,0.0051759545913033994,0.00032958491690857175,0.0015776102074514405,0.0035793027906436637,0.0007526079909919054,6.787281595412676e-05,0.0,0.004485677460033356,0.007083278898792369,0.011500915604803954,0.040233517107960755,0.05573473040236708,0.015160260262149516,0.0034103829312191946,6.698145236432189e-05,0.0025278296308092153,0.003194530841044565,0.020786069263420665,0.07258032668320546,0.06957830454093296,0.022909839903477468,0.005145325271427641,0.0008193052404725214,0.001930822718646289,0.002401708142008275,0.009072647411482074,0.07776696471927363,0.05514765767282096,0.018389257161999868,0.0008993858621131061,0.00010732534353766371,0.00011817672637007073,0.0026689363625691936,0.007378720714717546,0.07473645769706605,0.04917429438140329,0.016650439327922706,0.001719272426665935,5.554874545160736e-05,1.330586228259432e-06,0.0007214619386003181,0.005082503515815742,0.07095336852049236,0.05719889198596828,0.015950938521245114,0.0019554321047126405,0.0,0.0,0.0,0.0012876845111327371,0.0630195995738972,0.08052433985192693,0.02135592188187678,0.0007201571889978502,0.0,13,0,0,3,280,0.46313417881857005,0.05714285714285714,session_9631943b5ce0432097298d6d72977aa8,0
0.4526723292427716,0.5903211269654538,0.15702518654626105,0.19366563541901208,2.4748934611375955,4.727209579842534,0.330779131501973,0.27987606095679013,0.0013799352006884304,0.004019035070703775,0.002305714512542694,0.003548931323157854,0.0,0.0,0.0,0.0,0.012500518567421145,0.00760349535839581,0.005244103113299754,0.005340279356527482,0.0013966865659727368,5.764286281356735e-07,0.0001835663167599331,0.0004505925118602374,0.009621868933579964,0.011751143883310583,0.007665994195713065,0.016966984526297503,0.01121578142804603,0.0060483083872199484,0.0067352017015474405,0.005647987438746816,0.011132007134090313,0.02519040267295195,0.02884834887696419,0.06148000845079304,0.0596247467098371,0.013670022383771683,0.002578015902967149,0.0032180612906079777,0.0022897142512283827,0.019987435602660062,0.03605437049495917,0.11142473680574522,0.07458411766200898,0.010249774384961571,0.0035703639876039895,0.0025172638190684863,0.00011973994684454672,0.0050761178370336705,0.024443770391708582,0.09996568502909174,0.05255350458562074,0.006198197298069409,0.0022435824934433427,0.001151861606822749,0.0,0.0007541083858749484,0.01158371756813845,0.060246084368364795,0.05058692224929787,0.010721153262503065,0.00274528501033161,0.0006780722095635972,0.0,1.9668443493356618e-05,0.0022179226857242124,0.04185741723467449,0.03748410563561169,0.0031710910911820133,0.00013589741596653151,0.0,7,0,1,4,205,0.4482373872923012,0.05853658536585366,session_9ade1e2f731347b685f6183c1f2e6734,0
0.5549556729297535,0.3898520615996822,0.1262992955343926,0.20856687803312915,1.5446286463671786,4.624697499687865,0.2960359585278572,0.2884958526234568,0.003921704676089242,0.01103273597199924,0.0023086427130706495,0.009341292024654273,0.045391704051805676,0.01701861935993685,0.002344592923992244,0.002430573096417721,0.0019446997709454323,0.008738737739707432,0.005923955587974492,0.05462683963428483,0.08433490800647776,0.03426026864318128,0.00020796189488132656,0.0014691712758918528,0.0006138488888779366,0.0065380996767279,0.008374242902162855,0.06061472524746477,0.09568979688605717,0.05157058398441591,0.0023150729364450583,0.005449800414080715,0.00031302738099491905,0.002223702157597921,0.0038500737845671355,0.03500498092033361,0.08437115341727483,0.04721493549138304,0.005583833992322134,0.0006409687730897642,2.964833531913006e-06,0.0012109740630715327,0.0021552286212656447,0.026176181549052876,0.07773232640912506,0.03405384692156329,0.0052249992915202985,0.002543172596744443,0.0,1.2565246873345598e-05,0.0005754215659578173,0.014469273235361886,0.05840648899638614,0.027060009976215618,0.0028367424555126087,0.000261547089668066,0.0,0.0,0.00013593312526619328,0.0021300981275189533,0.021636469516274702,0.014002267032365406,0.0015603752026354624,3.3344751151125496e-05,0.0,0.0,0.0,0.00023931725556731564,0.00752350253060735,0.004345252323505385,6.443058151603156e-06,0.0,30,0,5,3,607,0.5723678634134528,0.06260296540362438,session_9d0469e83e1541a181a205cc3539064f,0
0.4434508973688161,0.4614057244881018,0.13264081657364918,0.2147761441108407,1.2058951216352882,4.696023549221765,0.33473190686380844,0.2859022955246914,3.438359102325282e-06,0.0002753874053711161,0.00032801945836183187,0.0009964700128207186,0.0009501611860815961,0.00032102533277319947,4.7868667697738316e-05,0.0,0.0023270143505200467,0.016184507246995935,0.023861205821131895,0.05791099087924092,0.044797189897872854,0.017072526381984286,0.0066523023764109915,0.00038487817717589387,0.00674344405134775,0.017557704010047522,0.04544507738765149,0.11748039460219217,0.06057685971241598,0.009203866735038018,0.0024174348086694886,6.0548665167776914e-05,0.0028095586986854044,0.008923346949738554,0.041070729847739566,0.08748520645996224,0.02689657246418123,0.004864909135154902,0.0013181326999641052,0.0020188031950842938,0.0007941267727697322,0.004544454066818186,0.026154742294733694,0.08393670245897858,0.03355295055406474,0.006477365374278052,0.009610364643349996,0.005265788261519178,0.002484876964525342,0.0054896170528388405,0.015661574758740825,0.05415546411533041,0.020633643290504294,0.00292785502428882,0.000330854008060822,4.828797978338774e-05,0.000260174762903755,0.003926673184789176,0.009068328296472698,0.03463385324845182,0.014463818172324956,0.0011094830061449516,0.0,0.0,0.0,0.0001853862593073236,0.005653869983029434,0.040730936106012694,0.010913234383396463,0.0,0.0,0.0,7,0,0,3,208,0.482583948364607,0.04807692307692308,session_9ea7aad7a8cd495fafd655ba4c0b0ed7,0
0.4755724537997145,0.5697408602305883,0.14837966227383298,0.1666797094185282,2.52523262650905,4.415521972716776,0.417748794809006,0.1885353973765432,0.0,0.0,0.0,0.0,3.99412948860433e-06,3.785833488392168e-05,0.000774238380170049,0.0,0.0011007692027706804,0.0007079701887623449,0.0021561642355982374,0.0013464725877632112,0.0011395509116761612,0.0015564435455028517,0.0023802005418058123,0.0,0.013711631796234115,0.011616882669976784,0.01789737213121918,0.026833420857022082,0.030604158253852484,0.003376864692099322,0.004481134126626145,0.0006680288938763016,0.008749033275715511,0.008396454716181131,0.015126391113963788,0.10490143036004393,0.09615226824144169,0.009684647371513847,0.015131265669845042,0.005858228373801989,0.007215974714154003,0.00880286812855385,0.008761208928511417,0.1142378798301722,0.0852840056909903,0.00644697594471094,0.007732119318391066,0.0008317237814657145,0.011518425230701242,0.010469708554169146,0.008059938569858989,0.09217226852274867,0.08034307424925666,0.008009689844034612,0.0015952682020372424,0.0,0.003002060734604161,0.0011529935195249048,0.0023814460230441943,0.06360045649034768,0.052763760447144946,0.005087984123120544,0.0002749507202800529,0.0,1.2283021868181058e-05,0.0,0.00017011555811141668,0.016899505447316197,0.01846217639901096,0.00031826340403550953,0.0,0.0,13,0,0,0,266,0.3030322147727988,0.04887218045112782,session_a0d2c8ec5dbe46e993574795573def31,0
0.49303738035036593,0.5105503701277776,0.08655475729749454,0.19546067672860665,2.350554433766643,4.052095229644305,0.4674219731660226,0.19660108024691358,0.0,0.0,0.002977340286314621,0.007785263564850426,0.001792470546773789,0.00017443298104309688,0.00021138451596811427,0.0,0.0,0.0,0.013473601623377754,0.031190899311192267,0.01809241998788553,0.0006353144584267198,0.0010789304793179715,0.0,0.0,0.0,0.025231575096473516,0.08646743153215267,0.03824997629396013,0.0006735998054412765,0.00018426367014747985,0.0,0.0,0.0,0.022880434885973765,0.171062808396189,0.11880973177952787,0.004941773791743471,0.00012824356238682512,0.00011460903880486682,0.0,0.0,0.005223455144875088,0.08292803765144047,0.10134714280036763,0.004790830723610595,0.002107398401248369,0.0025866815454228596,0.0,0.0,0.003353104792206526,0.029817146959638326,0.07544246190293044,0.004701934617865183,0.002931274368777751,0.0010729530251389246,0.0,0.0,0.002006794389383666,0.02477723917841819,0.046848692331862424,0.0025003295627371237,0.002859619019300829,0.00012137690014808525,0.0,0.0,2.1340993432630374e-05,0.01912190061899502,0.036909297542181994,0.0014648961776724649,0.0009095857443942286,0.0,5,0,0,2,117,0.23991552143252554,0.05982905982905983,session_a2fe402f8cc14ea1a188699453cb3d9d,0
0.553946128960949,0.5218141667502573,0.11439605361551333,0.2152530984701322,1.3154489699502236,4.460842743212434,0.36786689968112596,0.22100453317901234,0.0,0.0007880353158521381,9.479504322489111e-07,4.762420541146159e-05,0.0006828540331086938,0.0005097912563689905,0.0,0.0036641787501496114,0.0,0.0022748131383621855,0.0030221896237180826,0.008817278515090876,0.020248303663309108,0.010607668374955775,0.0006832249702343565,0.0024767059728131114,0.0,0.0034709617229155723,0.009640387996936225,0.06682292187009023,0.12383315544837396,0.05098705956986461,0.001367521536609516,0.0027842746728416984,2.3059924645359378e-05,0.010460056006560147,0.006804450025536961,0.06178751221207448,0.10685480680110747,0.0288479245161084,0.00037411069884884195,0.0017427862620715306,0.00013155903390167496,0.003456041807416698,0.011867144169907008,0.03654501412693435,0.08638534218043108,0.023983207758751724,0.0025676473914547295,0.0007747640098006534,0.0,0.00012780844740886403,0.0022986767601131473,0.014828623750724976,0.06847944464282711,0.03201059627236215,0.009586457860388498,0.0018744689416817597,0.0,0.0,0.00026328292874808884,0.010395348085750112,0.04376928254824903,0.027837800900074813,0.00015773070887898185,1.6774601127187252e-05,0.0,0.00014239864101826032,0.0006717877421930924,0.0109145982388235,0.04809199834215834,0.03319759507448253,0.0,0.0,8,0,1,3,251,0.474572412287019,0.04780876494023904,session_aadac2e407894877b85164efc620b06d,0
0.5337962845002067,0.4517273186663166,0.1343896356579403,0.20332298515539693,1.4961573832004682,4.60972099018754,0.34607829490023073,0.23198398919753085,0.009188534943889135,0.008569825562096357,0.0011009493412654954,0.0045679225225870555,0.009390949817579226,0.002973360769988838,0.0004182883795326882,0.003524296984934086,0.009795539561916908,0.003809605217149214,0.006842763668265579,0.02737723936684982,0.04798192518625159,0.01608509621721974,0.0024192860537185887,0.006035116506707716,0.0018890824092908502,0.003914228081906761,0.0026551536591786946,0.06514432121416432,0.11508289889705679,0.04139915866010363,0.0016286052610882328,0.0009319318140279194,0.0005223204675702351,0.009654491620016845,0.005609517265265024,0.057344573106588304,0.09859710836949687,0.05146333547366816,0.001546764223595696,1.4954035725006729e-06,5.741611247502584e-06,0.0014685416935131608,0.004868849414337191,0.04277980385474425,0.07656554907711445,0.04669128113254851,0.0006236940603677807,0.0,0.0,7.741021209253484e-05,0.001904350295148357,0.02653220711597944,0.06326413737921847,0.027930612535765068,0.00027705581990762466,0.0,0.0,3.258502846251466e-05,0.001811136805795815,0.011619581146690228,0.03659719624753397,0.013528417652556088,0.00012269694003505521,0.0,0.0,0.0036590125388666467,0.007552914209250899,0.006011060817140205,0.004589264331597065,0.003782854108796702,0.00023835994474760727,0.0,13,0,0,0,254,0.4271257713631263,0.051181102362204724,session_aadb126b94244cf1b6f57e898f525c0f,0
0.5115779002676403,0.4826576755727813,0.09212800275248073,0.1902449125521999,1.6380145178548848,4.050495653364059,0.4376863869538922,0.18792824074074074,0.0,0.0,2.199683922341005e-06,0.00020193581854106326,0.0001513189159764252,5.0471868459868335e-05,0.0,0.0,0.0,0.001070424210253041,0.012180230014421225,0.03853256426582044,0.02046588338581151,0.0035297675248334645,0.0006764874093476414,0.0,0.0,0.00040628887216162215,0.0170230638067875,0.13962181873734275,0.09278153174385624,0.011318944983246143,0.00717747194919552,1.643719854057015e-05,0.0,0.0,0.0031986788359949507,0.11230179276656906,0.12828648490025762,0.010088620672484469,0.004582908504268112,0.0002219505249992869,0.0,0.0,0.0007519051438279044,0.059013168613266075,0.0836028308723463,0.007718231608829483,0.012129951524767715,0.0002756373161148844,0.0,0.0,2.5453485387088773e-05,0.05068047584722881,0.04309727098993995,0.0059734229837479615,0.0033449215583044355,0.0,0.0,0.0,1.4116652864254362e-05,0.042526440925917064,0.04947089141344921,0.008030828449309855,0.0002427145743321542,0.0,0.0,0.0,0.0,0.009276478030475533,0.01916722383935249,0.0007707595774479702,0.0,0.0,8,0,0,0,136,0.30220061937283377,0.058823529411764705,session_aed6641602be4138bed7c563a8d8faed,0
0.5221551251838187,0.6195799328570735,0.12130282225795491,0.17503828122932358,1.5967443658890508,4.369398597652115,0.32901890401981354,0.2505637538580247,0.0,0.0,0.0,0.0,4.323385660604362e-07,0.0,0.0,0.0,0.002677040401046221,0.0035196842788374947,3.740529223396959e-05,0.00011865291757436416,0.0032911853404048123,5.021532382094548e-05,8.566708623790125e-06,3.154470278292812e-06,0.005837067030539884,0.010029502143246384,0.0030684669287257527,0.004665925905240097,0.01829445446046581,0.011302707195215402,0.006898250047204966,0.00195437848160646,0.0004289439076898876,0.005508153457004794,0.017972746529698394,0.0583974592839551,0.07482734959677864,0.037190067690768915,0.004669528726623934,0.0011200451118072367,0.0007545108604728797,0.0009745872031371255,0.02067817716324925,0.08644004354385937,0.11122602954864366,0.044188091871496936,9.767649085069114e-07,0.0,0.0005173331256400212,0.0005691016657908875,0.010373611616751524,0.06725213741782045,0.08840697585642107,0.04523038009157123,2.73334048987098e-05,0.0,0.0,4.318581898759246e-05,0.0041487208799159455,0.05212736514815698,0.07710735908132603,0.027504450845474895,0.0,0.0,0.0,0.0005647622675907995,0.0030327749782165414,0.0274218261417389,0.0515685915703331,0.00797028956564001,0.0,0.0,6,0,0,3,159,0.39016004328324344,0.05660377358490566,session_b1086f4c3b4440a19f46f3cd2e3e5189,0
0.5056675379264375,0.5277580978429813,0.10560294028035305,0.19327473073129395,1.77174782327204,4.290251005674574,0.39346363886856545,0.212445987654321,0.0,2.0419030628316514e-06,0.0,2.9343753004063847e-05,0.009836787705632831,0.01718947415031022,0.0001992576191089089,0.000891990440222829,0.0,0.0006694688918362651,0.0006390468304731777,0.0019954440324694706,0.022384694995892105,0.0014893962138528669,0.0009760526067645724,0.00477087209220959,0.0,1.631228177161016e-05,0.002150468066127375,0.041835932400619544,0.06351036632888084,0.015902570480643332,0.0018486334965249793,0.0006134656853601745,0.00030424355636191606,0.0003706627627315524,0.013878195664328572,0.14344646623437973,0.10684484909303943,0.022077124743528947,0.0017248115770856262,0.002141290973710154,0.0003018345696023956,0.0022575647346363427,0.015516444317188762,0.11097460950898197,0.08221552906281926,0.016218881913533895,0.00019010346942273105,0.0008922657529953456,0.0,0.0060802596382986684,0.009763439794488193,0.06000866317524186,0.059860751388207296,0.0173650548709827,0.0,0.0,0.0,0.003104748021132091,0.005736692240928961,0.055390084931696046,0.02648274855753314,0.00623113103763778,0.0,0.0,0.0,0.0,0.0018115121576973206,0.02597993566399361,0.010660294093692149,0.005073693199246836,0.00014449332010914317,0.0,3,0,0,1,77,0.24337475980480247,0.05194805194805195,session_b1a687bc6a2b407f92fd108f940f9a56,0
0.45666755741558507,0.3000386824124589,0.12122627687468852,0.18654105746903166,1.660761100734316,4.246058776016257,0.45708577019602775,0.1786670524691358,0.00028610611237978164,0.028438411328705466,0.034645410682624424,0.038968905745493956,0.02947245431083915,0.0018623257507732276,0.002476021403641347,1.4249572618262264e-05,0.0008455449358916849,0.012241859050457887,0.07490147761139083,0.14617166402893922,0.07335966180371632,0.00423474402495537,0.005312529881173025,3.298791124100884e-05,0.0006056218992493156,0.013790483322004974,0.03384650071166523,0.13125290376465273,0.09438067350650169,0.013260085910763693,0.01186670064070055,0.0002733327111321216,7.832746048093422e-07,0.002994519066078793,0.004440594616288533,0.04612878878210982,0.07200236741736708,0.0056202061711314024,0.0038312069737468646,5.8926351038733595e-05,0.0,0.0002088933119133838,0.0008390377314824996,0.018965126746785216,0.023679897600703357,7.04947144328408e-06,0.0,0.0,0.0,0.0,0.0012707726684641413,0.01835335915448278,0.012123072444043917,0.0,0.0,0.0,0.0,0.0,4.681572061052761e-05,0.006748181853949532,0.007523442957032748,0.0,0.0,0.0,0.0,0.0008248785367032538,0.0037622486825773034,0.015512181155268584,0.002516992690662144,0.0,0.0,0.0,0,0,1,5,79,0.5430923640829798,0.0759493670886076,session_b34fe886b68447a28543d5d8e10100a7,0
0.2636969357544901,0.48336930462429456,0.17310339601946179,0.2013858884555277,2.352026588978742,4.658533373289024,0.3383607600391202,0.27297260802469137,5.315049302518795e-05,0.001444800058835813,0.002455462658977131,0.002769389492827338,0.0,0.0,0.0,0.0,0.011994007257422609,0.03243281091015645,0.01488676153262356,0.010403018853966836,0.0024834190738488387,0.0,0.0001380384717491612,0.0018990771072206483,0.05084476468917119,0.12330587211466339,0.0608744370832851,0.04407486512401197,0.005294988076990674,0.0008056619517758308,0.0041388032276082586,0.009218524950982727,0.02735169822290259,0.10195767195041602,0.042851483005526575,0.02543150197396386,0.002621457545598,0.0011036220875738712,0.00831361478775625,0.0016993072666832943,0.01868946086847357,0.0747556296863116,0.026917619537329757,0.016275315714026524,0.0016114022677138809,0.0021565817442730146,0.014032690119636803,0.0015997847806648812,0.01468293634669136,0.06429763837254797,0.02791378476746052,0.010063133891381512,0.0028554137519034898,0.0026448884301015474,0.0030375124738604093,4.515734847882721e-05,0.005446994960655411,0.04711457179441452,0.023593470549111987,0.004587536011516084,0.0019634728575242946,0.0010367970482414288,5.1191388969707373e-05,0.0,0.0022713852419241763,0.03403651389893229,0.006589936266622778,0.0007417167954049449,0.0001363928243425575,2.8602919210016367e-06,0.0,0.0,4,0,1,0,311,0.7552091458810463,0.01607717041800643,session_b3d7cf58280f443187fd8a92a0555097,0
0.49322450063590867,0.590401055617137,0.10527955999728737,0.1858540439680654,1.813443106438738,3.930612619556495,0.48703064150808983,0.15314863040123458,0.012130273223746175,0.0004422089256098409,0.0,0.0,0.0,0.0,0.00010087456861375004,1.815004889311218e-05,0.0012561251806603403,0.007885969368446077,0.001507503357829944,0.003032476137719508,0.0020767342662401747,0.002618059474477245,0.006893218412895632,0.001040933663471379,0.0,0.00625354262721901,0.0024211030845355825,0.02150687207644188,0.014242938914904432,0.0010903925467051097,0.0035000100534255197,0.00022174255046131895,0.0,0.0027823457764113058,0.008977723168818171,0.13669142134819529,0.09144598688664639,0.002846126182599758,0.0010192386831538308,0.0,0.0,0.00012268298673688013,0.007855426239293138,0.15286311491195823,0.09319471573804636,0.006837889123223036,0.001664728156366528,0.0007723980182075052,0.0,0.0,0.0018731417646719677,0.09747211507312499,0.07619895323563332,0.005026344086982068,0.004515391851189564,0.0018013356337385927,0.0,0.0,3.1961101722714725e-05,0.059313622436954316,0.08274644157656656,0.004055685144068707,3.284024471597485e-05,0.0,0.0,0.0,0.0,0.02406645436214163,0.046597556385182946,0.0009552314013542148,0.0,0.0,5,0,0,1,99,0.2542714943979426,0.06060606060606061,session_b5b0349454fe44ba9653655f9878d354,0
0.5081324912195019,0.711879521078356,0.1091982924962735,0.18556731508487848,1.0967191590202396,4.208027167707502,0.3704332378550053,0.20879967206790123,0.0,0.0,0.0,0.0,0.0,2.2490550742584523e-05,8.193278959047185e-05,0.0,0.0006729140009065454,0.0006348971865365664,0.0020176359100601646,0.00013723742256404036,0.000739627774830587,0.0031962800547138976,0.0017128868991784045,0.0023511433300881803,0.0012459724144997031,0.0019765875824753385,0.007566431669087883,0.007425671136571452,0.021632612019585298,0.0020122897955393865,0.001465757122576144,0.002806320942658047,0.0009713951533846343,0.0025735498874315164,0.012219579138707358,0.022876720463121815,0.024911111628653233,0.007263321313997932,0.0016942676727439699,0.00025089868492342244,0.0029535541655521247,0.00011796273381288186,0.01162949918807678,0.07445650447313089,0.06702018207391268,0.027635807029681773,0.0025221780283582905,0.00012490653773067435,0.0005601949656274537,0.0007423315568870726,0.01028856667044172,0.09034865945563895,0.08383219648515297,0.033501252537279265,0.0008514865158189787,0.0,0.0,0.0001047920378862135,0.011078665043660037,0.11094164679130815,0.08798385383288657,0.014867401099902637,0.00039993442918849075,0.0,0.0,0.0,0.004406816537715722,0.11253583356156736,0.1011890844303673,0.014529243994065362,0.004881576086997711,3.633719218337427e-05,7,0,2,3,200,0.4992680338168379,0.06,session_b6c373dcfe294b44b887bd763a0fbb20,0
0.362519538052842,0.2828306442335489,0.12568347856821685,0.19083343266010103,1.4196576140322343,4.074298276315796,0.508529445093349,0.17928819444444444,0.0006410284119134601,0.020726630915423372,0.03985275634009683,0.021260360730114152,0.005718095998703443,0.001260908987097412,0.0016283560700392277,3.03948856487497e-05,0.0044018141506221705,0.11869446333219542,0.1841312050092085,0.16283505984126484,0.045940351281709375,0.00707418393015009,0.01622189546884207,0.00026879365571464065,0.0007994046432551451,0.03452123075923032,0.07150187559151704,0.04636040805421244,0.014961807225731571,0.001818713958737698,0.0008038640189173829,0.0,0.0,0.005896033295066601,0.027880700593633182,0.022248016685834687,0.0017584439919652447,0.00017618637585773903,0.0,0.0,0.0,0.0011318333160885903,0.019435737414670667,0.030974358261644536,0.002765524222042765,2.1284627393993936e-05,0.0,0.0,0.0,0.0006609998489283902,0.010119992223724306,0.020633695337971703,0.00409895961945056,0.0016240608431743729,0.0,0.0,0.0,0.0001285558664837757,0.024062189194511457,0.004337905552174394,0.0039043612201530293,0.0004125059278234455,0.0,0.0,0.0,1.6059224010635528e-05,0.011903578339822043,0.0039450427637711125,0.00041037199345746666,0.0,0.0,0.0,2,0,0,13,200,0.7564652310433905,0.075,session_b812d0984b54419c83de96902ec8ecc1,0
0.4507467850647855,0.379659103244737,0.05937780917356777,0.17939557943636303,2.902737445895973,3.589010146134339,0.6227218285724188,0.11766348379629629,0.0,0.0,0.0007438724499726147,0.007973207956258279,0.0017556635322849173,0.0,0.0,0.0,0.0,0.0,0.0306288714118274,0.2135612947694765,0.06538541361072682,0.0,0.0,0.0,0.0,0.0,0.030981628688061078,0.17309533747120281,0.04241584717274994,0.0,0.0,0.0,0.0,0.0,0.020612496199747712,0.10327078694566126,0.030502651365565972,0.0,0.0,0.0,0.0,0.0,0.015262517163466873,0.08389228687212691,0.039544239584691374,0.0,0.0,0.0,0.0,0.0,0.007822438855593482,0.06935292889397981,0.04855062879198842,0.0,0.0,0.0,0.0003208976578351895,0.0,0.006331941212415522,0.0029647044616507444,0.003167730556799179,0.0,0.0,0.0,0.0017385152957531535,0.0,0.00011949613246344842,4.602947700631321e-06,0.0,0.0,0.0,0.0,1,0,0,1,30,0.19636620279049566,0.06666666666666667,session_bb33aa5997e643a9894115710253af75,0
0.4692266488201584,0.34695364597408945,0.14924333153241448,0.22658176948936362,1.4400539265510461,4.638244512990623,0.3607060597969199,0.2621383101851852,0.001151193682761223,0.003216451043229465,0.002667050323751107,0.014577418942920257,0.03480871118618891,0.009825861001617971,0.00012144647483205818,0.0,0.007180932296825619,0.036195983389373756,0.04823117536670779,0.11599046262998347,0.09666308319356508,0.04156237674754976,0.003899309427358437,0.00028400195454816136,0.0047702217934950915,0.03943243286144253,0.05029483527937188,0.10105839005368335,0.06832185176149458,0.039579984464314585,0.012369968507024272,0.002916373506348389,0.00022530080296017188,0.008032270872146849,0.009759738795041077,0.029861112023858185,0.016914100884086257,0.007061811220695806,0.00201969976676251,6.112765458163701e-05,4.347484530285133e-06,0.0017541190141077895,0.006085669508067971,0.016401219034662292,0.016198525151259604,0.005211258933448808,3.469899280915948e-05,0.0,0.0,0.00025904941543015275,0.005208731326163759,0.014087002467045815,0.019199219636637243,0.003909217647915831,0.0,0.0,0.0,7.481717563746509e-07,0.0029171216781047637,0.019385291974533446,0.0257377150450364,0.0006980846904141101,0.0,0.0,0.0,0.0,0.0004377209191957315,0.01797076205438663,0.03243154708674556,0.0028752442806060634,0.00013802757862198289,0.0,3,0,5,8,219,0.6397060994694831,0.0730593607305936,session_bd5046f461f94604bc2bae627202bc76,0
0.5687105768285148,0.547863200909847,0.14201737437194722,0.19743060724437175,1.743067063803166,4.739404198674105,0.30320943567969666,0.319092399691358,0.0,0.0011048803090445355,0.004433482767639269,0.00039779529772834273,0.0018079254537184287,0.0,0.0001608052664630254,0.0006705559489567029,0.0,0.0013166405218157985,0.0049718530417866315,0.005047821108761367,0.008838051853716026,0.0034227267078354357,0.0024834654527089266,0.0022590284170256204,8.791740432283995e-06,0.0002918610168858222,0.003674266450379533,0.04900040929576101,0.04827879005158229,0.03258889219628248,0.007343641721222796,1.5710592497831434e-05,0.0010657044375056081,0.006306464004873349,0.014911782391793913,0.09480864289379022,0.07675766742310203,0.06544966277406683,0.04017789777196402,0.002308667697952266,0.00025581178543020703,0.00290543803662605,0.005468091066890548,0.07905474178728003,0.0519370053843064,0.029268617125632407,0.03049438386562085,0.00395656180602037,0.00016383903604881353,0.0031204796736431653,0.0020862273779657286,0.03181938273221382,0.042589620765335554,0.03950740373667233,0.014321776121023136,0.00019396003407913865,0.0,0.0012714280679378027,0.0010712457105245476,0.013188663180731267,0.038074737006616385,0.03783932577380898,0.009860633423537931,0.0,0.0,0.0006532201227521993,0.0028543283061552723,0.007780318800581239,0.043288347431874576,0.0224811458572491,0.004589381376149769,0.0,7,0,0,1,172,0.3923836746763168,0.046511627906976744,session_bf4cb9ffc52d4f88a1cf067ce1ea8307,0
0.4008789868565778,0.6554850240845559,0.11149095704940673,0.18037663492363698,1.3704399936264278,4.329143386517302,0.3473970257899616,0.25959587191358025,0.0,5.80958451743024e-06,6.431074954178591e-05,0.000449584155344507,0.00016413765094448982,0.0,0.0,0.0,0.0023869454852908077,0.006620967303928549,0.004647076522496197,0.007863188202706402,0.003137040532795645,2.011399755889365e-05,0.0,0.0,0.0032400593280175185,0.01405889054229364,0.013421727738009896,0.019189260320997107,0.0041892846401881114,0.0002332784620327439,0.0,0.0,0.0006491535165144871,0.007700823826105895,0.01833249859961992,0.03206454934782685,0.01687731589629324,0.0012056238939834592,9.13489612057563e-05,1.688832708555302e-08,9.13151845515852e-05,0.01994526628298189,0.08577821140996995,0.09205053608954435,0.06719598511773596,0.005451112886712291,0.0011090057747270103,5.1120966087969e-05,4.593624967270422e-06,0.01981465196130222,0.11250403968783887,0.09829644742555693,0.04265694187253988,0.0019471227830017502,1.2260925464111495e-05,0.0,0.0,0.005665391980773788,0.06755910103840243,0.07197458793157445,0.023614508667224567,0.000591648762788179,0.0,0.0,0.0,0.001425678795908215,0.034434116744546626,0.05688996795541265,0.03395713972266935,0.00036624026117730287,0.0,0.0,12,0,0,4,326,0.5276322641232316,0.049079754601226995,session_c25a4adf911145b79f8e5ee8631c2466,0
0.503623185240839,0.5892858401654719,0.10882312119356621,0.2049600861713416,1.6368835936750747,4.442700501165462,0.3284491360042152,0.2489573688271605,0.0,0.0001251573260153896,0.004658343975868997,0.003565426636378288,0.001125578074055291,9.972115858343786e-05,0.0,0.0,0.00020429558217719838,0.0026120999484874137,0.008785105250639916,0.012309081525920269,0.00884690138394725,0.0011490539650661352,0.001856982500659815,0.0003781910711464147,0.004047875957502156,0.008470117285393403,0.013667632129151864,0.04146790873364009,0.02685278331981823,0.0076824813811285616,0.004937635939834374,0.0006381490184745777,0.0008709318434810968,0.0035509300760705816,0.011329053976132212,0.08485812143706915,0.055161293203840216,0.02277635688476349,0.0019411162999592847,0.0005815697498363208,5.3702088729857075e-05,0.0006712682047828058,0.011006145861797193,0.10686505401786713,0.09847296838097845,0.03606951298276055,0.00039338321340999803,5.902961416464124e-05,0.0,0.001634111718524541,0.011031534603186698,0.07933491615115217,0.07308338913138966,0.012952052192043538,0.00019936327376279882,0.0,0.0,0.00023848975878087248,0.0038652856940844787,0.04388075606913041,0.06628605159779523,0.012757905782949816,8.694774448460815e-06,0.0,3.103244044059742e-05,0.0,0.0002841768463373302,0.02100431442612473,0.07390510855149247,0.011330824548383535,0.0,3.103244044059742e-05,6,1,1,6,209,0.3570677031546598,0.06698564593301436,session_c6cee29ab9374e418cf2c89faef5e484,0
0.5414502917077179,0.47234507897342276,0.10065752869855091,0.18987296343113688,1.2445864992165943,4.178411874473345,0.46601941775073535,0.1755000964506173,0.0,0.0,2.8382395504772406e-05,5.891754755481697e-05,0.0010491289068919765,7.761253860586467e-06,0.0,0.0,0.00015887909818988866,0.0035260452666916954,0.011342704282574903,0.01112159352478024,0.03001854713066728,0.007359623136173125,0.0038628100373067045,5.826605544243198e-05,0.0030901120662740833,0.005418573201682073,0.008331309458923337,0.0868383467350926,0.14939150353445801,0.03660337619075055,0.015035701484501257,0.0014442730359254844,3.9825996087534936e-05,0.0001629013538402656,0.003357478764048082,0.09674609715152352,0.13095127422509686,0.030017215820698495,0.0034283781013219796,0.00023006169290395358,6.276984874109346e-05,0.0003480950682217047,0.001397337278089748,0.03402445882674655,0.08653880199211558,0.028655200745397617,6.251491704494281e-05,0.0,0.0,0.000176526036712317,0.0002588123230809436,0.014145621630263271,0.054743012704606055,0.034116035957152666,0.0,0.0,0.0,2.1017702060420286e-05,0.001473505203750759,0.010707414495767483,0.038096596112336956,0.010445967878492982,0.0,0.0,0.00023459381194663182,0.0,0.0013435466902019608,0.011567837296019944,0.031008871792980508,0.0008923742395033432,0.0,0.0,7,0,0,2,167,0.33260780344288515,0.05389221556886228,session_c87969d85fdf43f58099db91d34f0c40,0
0.49944722661861324,0.4116506790659715,0.15589819641323036,0.21693760242791776,1.8404631216364016,4.898014471769387,0.3172184386565429,0.30419753086419754,5.371690588497038e-05,0.002465035360973377,0.010224412901273896,0.013329466503170507,0.015608794846655845,0.019210464194937354,0.005973083816141081,0.006938276264630257,0.0005824644131893382,0.007732086203867385,0.022018972929217704,0.02882966662324058,0.01813527998677895,0.023497880021972378,0.00509558962755275,0.0036604824734427456,0.0018004411436947105,0.0069983290106965315,0.04533994133917112,0.12347299118891235,0.09235665687936771,0.06353608080943074,0.018157337368279704,0.010765832088940872,0.005295876948066712,0.006100705739793065,0.021168337193571862,0.06390336277472336,0.0414583537846187,0.020617925835212787,0.0053264936167689144,0.00018358195307940426,0.0058867038832344796,0.0019674357884733712,0.018131344682318515,0.0387636343788119,0.03764000657274551,0.0061754371714967705,0.0004221401094711189,0.0,0.001666483379861422,0.0006117627548972946,0.013924622273244756,0.02823205128787856,0.038835532391304085,0.0024550396876438663,0.0,0.0,3.5889976679189e-05,0.0007440283378125953,0.008705955998691827,0.018130301826636497,0.0259552218627256,0.0012676796258406966,0.0,0.0,0.0,0.0,0.008481033672255526,0.018477513739180888,0.013164734658456599,0.0003066782766018858,0.0001808469164794003,0.0,7,0,0,3,248,0.560992028122838,0.04032258064516129,session_c93a1622a59849b6b0bf3c9cdcf85e2e,0
0.5478158140842058,0.5012391568080932,0.16029707250953845,0.1913596496174505,3.180076686444248,4.498678336861271,0.3819473617837507,0.21651282793209878,0.0,0.0,0.0,0.0,0.0,0.0,0.0,0.0,0.0,0.0002713160766135562,0.003703463238530775,0.006258233556807929,0.011714808630415423,0.007544745482606641,0.0001428411416966983,2.4144885344269484e-07,5.280486424791736e-05,0.007853099813338305,0.014109329344662662,0.1044294540655508,0.0979191479057487,0.04077322643201444,0.008339595108139992,0.0005440567014624243,0.00016051519776870353,0.013245449491930043,0.01648757640618786,0.12263165535957662,0.09593332766572392,0.03767944569331181,0.015751905894633315,0.00022290558149829588,0.0001301650768909568,0.005416518708821351,0.008958597533711029,0.05953742407731347,0.060830213673301686,0.013908637057681092,0.0008252963259524753,1.5211277766889775e-06,0.0,0.0006310507233578273,0.007549067417083264,0.04267231824388261,0.034645399400950905,0.004820936822034255,0.002163019553566382,0.006950708868481578,0.0,0.0,0.0015481217585038708,0.010359701085353643,0.022364103470588235,0.008192987364329588,0.011839444528562542,0.033932473371390666,0.0,0.0,0.00017135625128828053,0.007372978768267507,0.010328674907686256,0.003291865378067013,0.013841176248029203,0.021947097155807355,9,0,0,2,201,0.38733470467234793,0.05472636815920398,session_c9b8d1261d7a4bb8a9199e66977030e3,0
0.4619806609332669,0.5208989784489978,0.10243800776236225,0.17885019609948866,1.4067174819128492,4.095878321895381,0.4850735972078112,0.1718282214506173,0.0,0.0,0.0,0.0,0.0,0.00016419645222976725,2.2884429917207763e-05,0.0,0.0,0.00027731015716476386,0.0014337883080216495,0.0017478417272238438,0.00310734242260877,0.0013695677083123325,0.002508261693095869,0.0,1.2069734332062904e-05,0.00785635563504253,0.020699888111960565,0.07973667044041687,0.07454748576619168,0.005512183582368179,0.0009962070325802452,3.925333953126653e-06,0.0,0.003253460976292505,0.046095917591271955,0.18947330643402557,0.11732708363201698,0.008714481702509727,0.00020486504822032434,7.276554436918455e-05,0.0,0.0018340121535281957,0.03233767549146716,0.09570356711118091,0.06120086967242394,0.002757987700780498,0.0009092088147619687,0.003739614921534844,0.0,0.0005706420855667794,0.016117180884969478,0.0459825635597684,0.02776562274234885,0.001771714166367349,0.0021640606410155794,0.002072149080017879,0.0,0.00038975628829820833,0.01360574154057822,0.04174680778892,0.02065644240895555,0.0005758491612188861,5.073560891796354e-07,0.0,0.0035166719747684876,0.005510127455059399,0.01561388364450328,0.026125794456216146,0.01206711744276082,0.00012657199277428798,0.0,0.0,3,0,1,0,100,0.20070966704993623,0.04,session_cdbb74f9573f467a8ed7c088e9898827,0
0.4072360401345643,0.4063466728582338,0.12202500499311607,0.17853942573235349,1.6060239259767544,4.407326587260627,0.3881895199681015,0.2057224151234568,0.0011302572693582358,0.007306408718254118,0.001164775243806902,0.005208420957743261,0.0006866778692034291,0.002042361832714784,4.353236467314022e-05,0.0,0.012845439131334088,0.012275792145119188,0.04419423065637926,0.06549191014259471,0.019996840500852014,0.004254368241856982,0.001945122445095335,8.222284152768923e-05,0.00906620065541757,0.016472191610235616,0.12371498640143534,0.12395243972017012,0.0482716580208103,0.0023552548874618087,0.009001002516219766,0.0004028807670621321,0.0015573251626662336,0.006545027436992424,0.06552740988231535,0.09924442005898178,0.0447488610965024,0.0008189707396017112,0.0019384955295095212,6.693854127084605e-08,0.00017120647572373393,0.005437484645972096,0.036945344457923884,0.06545308578865762,0.028779534121140465,0.0034268739946667834,0.00012957070305326767,0.0,0.0,0.00179439916300048,0.016419644855338002,0.042336351443406924,0.013974803886808712,0.004485016142229227,1.979149536908015e-05,0.0,0.0,0.00019766951237280841,0.009224220238510947,0.017081443900035766,0.0028778663920103944,9.123723175216318e-05,0.0,0.0,1.9412176968545355e-06,0.0008029278025437985,0.005836304474863797,0.010948557061647941,0.0012195979091077249,5.957530173105299e-05,0.0,0.0,10,0,0,1,250,0.5051077366304542,0.044,session_cde1ee5437ef43d4bb7aa7fd89049fcb,0
0.4718810278871363,0.5049474306993739,0.09519480609385983,0.17872174516701853,1.1387764234680018,4.032180894597,0.44295857481322465,0.18432436342592592,0.001013926261259416,0.0008891882013527311,6.541192653586531e-06,5.982293281286416e-05,0.000807340493275892,0.000768217537214884,0.0,0.0,0.0036826086640622093,0.006577396912925527,0.0008281439699115074,0.01304957584402137,0.011373457326470077,0.0023382279739361626,0.0,0.0,0.001471395747475436,0.008792253025420627,0.017784467826264184,0.09707396927622511,0.07652025856009761,0.005088985784560065,0.00033782362059029173,0.00031755834335022457,0.0002846867802682771,0.0026208654565060057,0.02515479804864631,0.15243365590176106,0.11078582017644537,0.005778315710373625,0.0019309766313201453,0.0013714976596709784,0.0,0.0015530985557150121,0.010793071378301535,0.11358431213345904,0.09257650602732607,0.0020269417235417504,7.244991863149638e-07,6.416992793075394e-07,0.0,0.00022861054324749887,0.003566978593926341,0.0670714022721081,0.05510795420825663,0.0011070554566660167,0.0,0.0,0.0,0.00010995827650585965,0.0018081843692281348,0.03166270513961586,0.0219076547955129,8.279990700742444e-07,0.0,0.0,0.0005783780504236115,0.0025205947691200148,0.008887721318200188,0.023289481743583054,0.012475420588855137,0.0,0.0,0.0,9,0,1,1,172,0.22202416493976337,0.06395348837209303,session_cfbe8220f18d46e4aeb444f491b588b6,0
0.48054170478281566,0.3431043318312794,0.11144288667700011,0.1902089053753382,1.212506332837566,4.278283468854546,0.4086108326761593,0.22465036651234568,0.0,0.0007936608087034038,0.00525965950704719,0.010226283434711164,0.012973828242046995,0.0054136240177463345,0.0008656567134223789,1.4915311973979648e-05,0.0,0.00804545487250984,0.07236198596110476,0.1081283354557764,0.13305960746966697,0.05212155769307188,0.004770690965823969,0.0005094606927182638,0.0,0.0015403449456764435,0.05452099836449886,0.09143939168446863,0.08427846729991716,0.022306395806059216,0.002513098847862134,0.00036288822812939045,0.0,0.00017058567946780242,0.017404506956757382,0.057462311007742996,0.04640986800539392,0.007796312300651224,9.874286446117025e-05,0.0,0.0,0.0,0.01358253480828127,0.051980080928908136,0.027807062260251942,0.0036394017315277524,0.0,0.0,0.0,0.0,0.011469350028976602,0.03664298492746489,0.012365165415730532,0.0007048906455034282,0.0,0.0,0.0,0.0,0.002005497101650891,0.0129188909052748,0.005228123026304553,6.725012363634519e-05,0.0,0.0,0.0,0.0,0.0,0.009736330745337167,0.010583922872703082,0.00032446271033132265,9.541863070743871e-05,0.0,9,0,1,5,252,0.6436153413805099,0.05952380952380952,session_d33097fb7b42410690798a162a3ec85b,0
0.4626705164493568,0.3846826467372034,0.1332448485436895,0.14534406577761247,2.6607779624946093,3.8788155731917664,0.5618311858788129,0.1245360725308642,2.2126306942297294e-05,0.0,0.0,3.735403830057373e-05,4.259949899810111e-06,0.0,0.0,0.0,0.0035745748260040946,0.0059867873521070175,0.01900398620043274,0.04850617385955498,0.015017881139704453,0.0006645521843703774,0.002032568334285517,0.003220172426876609,0.014588071269216149,0.019547384138025682,0.058018673776501856,0.21461748399792738,0.14721105689706712,0.01714019453792403,0.021587804768022044,0.004636351443196318,0.005865092663924382,0.002271920295447236,0.01824717748912767,0.12232977041508666,0.10927381873894101,0.005378822561928147,0.0018595952939506899,0.0003076701129131512,0.0013456990989474777,0.0004641120043830434,0.006311052195226891,0.04019358102483522,0.022227464857082338,0.00010306535503868941,0.0,0.0,0.0008719863119544145,0.0007030506868231388,0.006042389235500808,0.015515627673893459,0.00234319497959182,0.0,0.0,0.0,0.0001867701915028687,0.0011413486664401688,0.0012856465216285126,0.015677982630149655,0.001374501446777537,0.0,0.0,0.0,0.0,0.0,0.0003652112272314818,0.02231043850811595,0.0005855523671985256,0.0,0.0,0.0,4,0,0,5,145,0.42293559826065563,0.06206896551724138,session_d433bba853b441e485b2482f68b68e34,0
0.5147624162289628,0.5464150855371372,0.10960575592192905,0.21784762086039625,1.4796061189123357,4.380640652169488,0.33716940373343135,0.25591435185185185,0.005493549943248022,1.6915392156068041e-06,1.2560934769357456e-06,0.0,4.180279091242161e-05,0.0,0.0,0.0,0.0019311683551800926,0.000944733025872913,0.006748286839228677,0.009285377939769548,0.014807700797595911,0.00418140120141489,0.00017801356755133387,0.0,0.0031342881832152015,0.004985351270392845,0.013321608231076717,0.08293193051920607,0.07119857712410599,0.030399522135147218,0.0023085825752167197,0.00011155784866492001,0.0011075562363098371,0.0011330968036741974,0.007307717378029806,0.10193515100889763,0.08977197917390316,0.04273327146430956,0.0014873486599961292,0.0018408468602318998,1.6312467287138883e-05,0.000998661305816021,0.002711152160618113,0.08237973507883209,0.05789403501640257,0.02095905852075867,0.0010566928244504525,0.00012425276673848394,0.0,0.00017079521703720977,0.001003417713115351,0.055942132744896525,0.04201068275681099,0.013769514417038978,0.002663236381451271,0.0,0.0,0.0,6.853246010161428e-05,0.038342136148072456,0.052131145135873476,0.012556513320318641,0.0008416663691120786,0.0,0.0,0.0,0.0,0.04041495835162485,0.06642563963461949,0.008196361643179282,0.0,0.0,8,0,0,3,191,0.32070453892897666,0.05759162303664921,session_d95b6f10d73c4a8b948c4247300a86df,0
0.5096755640964206,0.574549003969733,0.09481431754879871,0.20854549797677716,1.6738880230257471,4.341019225484655,0.32354424838214185,0.2505516975308642,0.0,0.0,0.0006474278198658495,0.006045428405777993,2.730374932618541e-06,0.0,0.0,0.0,0.0,2.3323323219596934e-05,0.0011868413494756389,0.0173287521589494,0.012216207337829998,0.005174817107233222,0.0,0.0,0.00010413255240004809,0.0032284709813202713,0.006499624631014911,0.05527040407953543,0.05094733236694509,0.020169773068506043,0.0007227105070140125,0.0001952218076822257,0.00030708493971077204,0.006201553218190133,0.008140941822437435,0.10391065186862666,0.0832448058605557,0.02842297277597433,0.0017295938315632692,0.0003880586493088508,1.3882147247771376e-05,0.0027325460741312257,0.00904701509902272,0.09347142517067845,0.07043230766470028,0.014218378117485763,0.00027823507445888697,0.0,0.0,0.0011699821066688077,0.007490832971764255,0.07808500581545189,0.06727364217262118,0.01097618946933535,4.9426365497100695e-05,0.0,0.0,0.00017482623589640042,0.0020898717383348144,0.04746291340775447,0.06456941962640543,0.015504927496127268,0.0,0.0,0.0,0.0,8.191124797855623e-06,0.022958374068964765,0.0645503070018771,0.015333440212708709,0.0,0.0,10,0,0,3,196,0.34885882474439744,0.0663265306122449,session_dcbcf9d39752489fa2c781a308a85d1d,0
0.5004282942130253,0.5445008727599485,0.13123052639424612,0.17095427327872598,1.9506499692109427,4.420356839853298,0.3704504741882938,0.24037905092592593,0.0,0.0009655382876791457,0.0006401796610869139,7.573999025917719e-05,0.0042149698273054505,0.00015374162588110353,0.0,0.0,0.0012951856639962945,0.0014097756957089183,0.0016212144077330445,0.004240166231939338,0.0126360471826801,0.0017948082540205018,0.0008230211239687233,0.002663079038172821,0.0072387394185152295,0.007455756855767471,0.013077319322345378,0.032691782165823975,0.029433237033032217,0.00887426082728374,0.006031808182451991,0.0068934448068735795,0.0013110506873927645,0.012183734863058881,0.04111049735826419,0.10661396239999507,0.09446790487338673,0.018518167947975322,0.010391958889117325,0.002406708971608745,0.0001805965704476731,0.004334267431958316,0.02073134708824719,0.11496747519427367,0.0977156276142945,0.016961703609331354,0.0063573510912589655,0.0015729157145418905,0.0,0.0007158358867030263,0.007803564406701064,0.06774274524478173,0.0929245580778467,0.012896203411110703,0.001678676952875486,5.233614898687669e-05,0.0,7.756605947798946e-06,0.0020722870106369036,0.024351051856077065,0.04728626345628732,0.0069137661092810955,2.3454100058139363e-07,0.0,0.0,0.0,5.0258785838870065e-08,0.005263502123333184,0.03383516954365827,0.0024009124583086617,0.0,0.0,9,0,1,3,187,0.29467812864915904,0.06951871657754011,session_dcc2b94ecb4947d0ad0a1da1cb0acd77,0
0.44080067527324807,0.5366267470063486,0.09909633315183823,0.2300669498420423,1.8319081747899804,4.403695848866624,0.3596418396095794,0.22744839891975308,0.0002828811062813516,0.002266351493480524,0.003630323720038275,0.001852860561120639,0.00114100495392599,0.0,0.0,0.0,0.0041587077821658896,0.004063164256261647,0.011999143954874858,0.03893029561648712,0.018588597154108443,0.0006704365756314431,0.0,0.0,0.004205449897522866,0.006764648708913224,0.03373543208928202,0.12792050312389253,0.05508896330067874,0.0008181618645651288,0.0017891001194740902,7.306612462908888e-05,0.002136343914108585,0.0029309210205509502,0.02392277394366802,0.09925101491197814,0.030561047980761986,0.0001623152010837643,0.0009040500158507448,1.3735110372976825e-05,0.0015138150926210753,0.0006470655179529549,0.02717395422093541,0.09254148149037487,0.03262675418438098,0.0006104838873556206,0.0,0.0,0.0011021503276940894,8.802515572837057e-05,0.018077639391845837,0.0818927106428766,0.048872261958200894,0.002180793606517879,0.0,0.0,0.0028423519000553327,5.997211558893841e-05,0.011574909718361854,0.0639037763627182,0.036092994817841936,0.0009260028796717686,0.0,0.0,0.0036113238078108755,0.0016878643908268735,0.009845762287163586,0.046255655436552905,0.03588667675255054,0.00212427955266358,0.0,0.0,10,0,0,0,202,0.45166683206485636,0.04950495049504951,session_e522b30610d1465d8666e9ab1444591b,0
0.46919249879977065,0.3223734454974942,0.11646987113542129,0.1707626825004378,1.5387407848432635,4.166100750961021,0.47861417594275374,0.15786313657407408,1.778443909164872e-06,0.00012677421109249593,0.006577646897123677,0.03431988183249611,0.021750056579750987,0.0005654730640370307,0.002874373918649025,0.0007137087671685027,0.003968573550275612,0.01366224644046254,0.034788742132819045,0.17037951680592242,0.09604863649949943,0.006158510927179956,0.006855252378133994,0.0013934829019080757,0.00484755743586745,0.01782846759491345,0.020610650826595495,0.14917921569133558,0.07703808049761053,0.00825017726159004,0.003935287809543269,0.00012932171182724562,0.00015746438503848973,0.009768631897655648,0.008200933591726814,0.08398775863411086,0.07301449535127981,0.006910336073266505,0.00569200586338537,9.649259858509406e-05,6.8974784044637595e-06,0.0037544873564534405,0.0038246397587622548,0.02775119925399565,0.033418907728297705,0.0033770246532460963,0.0006840520133318884,0.0,0.0,0.0005740047881958621,0.0011601462544204846,0.008040248781231187,0.015452178135959586,0.0010446194994021664,0.0,0.0,0.0,3.141116471997956e-05,0.0013286177652751569,0.005444898292114651,0.010579169725770438,1.807283540124302e-05,0.0,0.0,0.0,0.0,0.0005436510766110617,0.005566817831995643,0.0074803513791796465,8.707165247168014e-05,0.0,0.0,1,0,6,20,168,0.5246198616934535,0.16071428571428573,session_e786057e26af4fdaa16d703e6dccd472,0
0.406898607969591,0.4537855712933807,0.11785790008468405,0.24902078002119077,1.5035269645163754,4.53879782119057,0.36390069905162514,0.21508487654320987,0.0019032355810706422,0.0013631346613222687,0.002948721469679091,0.0061016877244462996,0.0013027628822367212,0.0013370650294444186,0.0033749828189800772,0.00013241717779225413,0.01148997790353683,0.019056704890438616,0.05276656835634978,0.11808480418581153,0.024772400897448713,0.008834294777146354,0.01659923372705592,0.000635624232543904,0.006747090791337033,0.011914692933820834,0.04940426099748074,0.11018121922375962,0.020779042925663457,0.007381321158851545,0.00245355091798753,3.484662573480372e-07,0.002709129138611231,0.006228877908378333,0.03645723677626635,0.07918651771854002,0.013055549681237224,0.0021583999980137425,0.00037804233094045184,0.0,9.334539868710546e-05,0.004565474228927478,0.03986656530073629,0.06333084564724155,0.011294292320894824,0.0012556546000714835,3.2668711626378484e-07,0.0,0.0,0.0018072984645945106,0.03783278554800664,0.04666448860736397,0.007106729748061292,0.00023482269917040856,0.0,0.0,0.0,0.0011227365020342916,0.03175954138181637,0.04438201284259324,0.003536388033555471,0.0,0.0,0.0,0.0,2.173558280208382e-05,0.03094937911262327,0.05408640608519656,0.00035027392605803013,0.0,0.0,0.0,6,0,0,8,261,0.5886239375143577,0.05363984674329502,session_e9334496e16445d8b6844224b899a2dc,0
0.5361699087238295,0.5100327290431963,0.12794437290818791,0.20452441581128328,1.2471620711481717,4.509073422942731,0.36556145224257436,0.23709538966049382,0.00016452988100364974,5.921330242301554e-05,2.0262674459397823e-05,0.0001977697739370439,0.001054019550179631,2.9293604274635052e-05,0.0,0.0,0.00529250432256159,0.014988118161216934,0.008104880058342843,0.011997571287001033,0.026680117692746936,0.014132987764930436,0.010133670852319235,0.001604754488576073,0.0011317690257738374,0.014800536642134475,0.010321480041901237,0.03255227110714703,0.09572459276435452,0.031731234368167216,0.024563161497822207,0.004770512784732553,0.00043492654429516447,0.004631273301719893,0.0014681711613914242,0.04508059924620954,0.12048829402719156,0.028635655503495113,0.006108494365468183,0.0006878305242050643,0.00017887312247490887,0.002459922829945827,0.0015522005482647135,0.04613395475743216,0.10332797162982728,0.023728445556328137,0.0009263533175604476,0.0,0.0,0.0022454951644588286,0.0032133793756443903,0.04234714928360347,0.08638568168085943,0.013259890371721608,5.359743010093525e-05,0.0,0.0,0.0016808154079653295,0.0052885959789860885,0.03423299165240422,0.06512042223163723,0.0050781146021578495,0.0,0.0,0.0,2.3753622119069355e-05,0.001315688844321967,0.01136747420697195,0.03153665198122379,0.0009520800840088965,0.0,0.0,9,0,0,0,179,0.36185386855767987,0.05027932960893855,session_f1bc6c823601424fb4d46adf129e0422,0
0.49666178094346847,0.588202788684044,0.11246931115892606,0.18018079560387715,1.2377858743411825,4.252634257255621,0.4381783550229735,0.20477189429012346,3.9102831858727116e-06,7.639744027890038e-05,0.0,0.0,0.0,0.0,0.0,0.0,0.00027860202629518524,0.006708169915140074,0.004310058785343987,0.0041416453748356775,0.005708425778756629,0.0003891070811838077,0.00024438139772055354,0.0,1.487263778210546e-05,0.013472033112187606,0.01937735182060977,0.034363681651414305,0.033618557977972224,0.012904115335723805,0.013330562230913749,0.0004308996454073837,0.0,0.003728647141469977,0.011197966110276314,0.061731437230235664,0.04565784524862168,0.009704486563995739,0.013748533078735473,0.0005807561628775345,0.0,0.003274308399740339,0.010027141433812694,0.13249185395340932,0.12449136934952779,0.010858449556894847,0.004417851505074779,8.611664126112736e-06,0.0,0.0013280044988599152,0.004084821953279123,0.10371492724612995,0.10816435485300048,0.014284716533852656,0.001303051015407872,0.0,0.0,0.00303338522934602,0.003442314959974974,0.0677783398338966,0.04208671697144273,0.0034060148744460054,4.995217249005025e-06,0.0,0.0,0.0030172468351569266,0.002148418075724781,0.037266739176426554,0.023482177245677895,0.00016174558657864235,0.0,0.0,6,0,0,3,142,0.29345563906418254,0.06338028169014084,session_f6ad6fadf6d54ee09e37a0703505b3bf,0
0.6064714177674231,0.5471347558640054,0.14124294454066144,0.17633839644050803,2.12960845402288,4.509263811490706,0.3070151390773213,0.26967206790123455,3.665200155532826e-05,0.0010234568062709593,0.0,0.0,1.2228247057539173e-05,0.0005966795250967909,0.0006760239875973163,0.0,0.001709351788480988,0.0023731638988294095,0.00020023549934112338,0.002016171111907302,0.0060115503078023306,0.006825391714378793,0.0014290679248676202,0.0,0.0020392525420962317,0.0055327006653295915,0.0018447301059720843,0.05236382574148808,0.06159215803662087,0.01369805943612328,0.004164495689002709,0.003241222111636889,9.258763769403155e-05,0.002312251840862739,0.00155919153378379,0.07197655895785476,0.09372075584841288,0.03182555991416262,0.06298971407984758,0.015087610642922761,0.0,3.120085527666622e-05,0.00019994084278552004,0.043980552078017064,0.0694986937629343,0.051244785622541124,0.06433452659962127,0.004244282136336638,0.0,0.0,1.1786262224134144e-06,0.022929927609923306,0.056079592235924174,0.05789263039236025,0.026946374749543974,0.0010729754774209674,0.0,0.0,0.0,0.01013302613968695,0.054611629645716905,0.04075738586531521,0.0045083271497745325,4.234869496365976e-05,0.0,0.0,0.0,0.008049034910564941,0.030934845886190967,0.0048281932106906175,0.0007278999111921511,0.0,7,0,2,1,249,0.4676148453649934,0.040160642570281124,session_f9c0e59dbc81486b8040947ebd59e7b3,0
0.5173747305151019,0.5585127730642441,0.1006007983161025,0.17313913237953582,1.4810841351455846,4.092747618972353,0.4522065492209239,0.17525945216049382,0.0,0.0,0.0,2.5141035667747675e-05,6.667327188810759e-05,0.0002516226168285178,0.001186109724017229,0.0,0.0,2.9032471770166406e-05,1.5825173483169502e-05,0.0008819173431142182,0.005022782707467375,0.003062324367991273,0.003696840712836567,0.0009457604796551122,0.0,0.0021879304680083975,0.0035767486362698023,0.029895733804450243,0.04472352042233921,0.011974161147293475,0.009818258377631044,0.0021917039818046824,0.0,0.006415350805063839,0.013444888149395486,0.11945623949209071,0.14739969876511053,0.028793207411020722,0.005331503304925929,0.0015420699973130224,0.0,0.0005140233324376741,0.008307956649590494,0.11005896374735769,0.08793636176525825,0.01689439861734681,0.004848092603160615,0.0011491764577360912,0.0,4.716892245356037e-06,0.0022131894259822794,0.08293468715058884,0.0656355084252068,0.010709279322778799,0.001427520269134551,0.0,0.0,0.0,0.0005819937496932546,0.05922534620161285,0.051088023128998114,0.0030479850155653906,4.506990540437693e-05,0.0,0.0,0.0,0.0006921567680835449,0.03042414365823625,0.02032570188123106,6.603649143498452e-07,0.0,0.0,8,0,0,2,147,0.22629952354380395,0.06802721088435375,session_fa00e8251e764c728461586a5270d9af,0
0.4668216692053352,0.4603884363066583,0.09289293928285525,0.22038875270316033,1.9950749103836092,4.380516543398026,0.3460640846364824,0.252367862654321,0.0,0.0022795658517439153,0.005363089684151178,0.012444671345190632,0.011739537961926113,0.0006584335694423978,0.0008197660527672159,0.00014294875792500347,0.0,0.0023889989211554213,0.03305691636799015,0.07271574726414912,0.03527205869166922,0.0021838159404671226,0.003693358043721779,0.0006711186619249319,0.0,0.00011827077978322079,0.04455730492138768,0.11427795375034598,0.06499050984445276,0.0028386918887944946,1.47456151192909e-05,0.0,0.0,3.927871276317663e-06,0.03069383495812519,0.11158456090310905,0.050922500813825954,0.0012463264342420742,0.0010680429326633115,0.00011199262487435238,0.0,0.00013206662274963159,0.017955716213360808,0.07476723901653702,0.043128235885798234,0.0010169162147387833,0.004733535627289575,0.000774965783250855,0.0,5.98839391307447e-06,0.011465520646903657,0.056519701284745524,0.051106418556989594,0.0026274239271945232,0.001363067919880827,7.659348988819443e-05,0.0,0.0,0.0037424242390095507,0.0404442441730915,0.04086517031298147,0.003784053235405278,0.0017778929810260313,0.0,0.0,0.0,9.203131183077083e-05,0.016406476853682385,0.020636778120443407,0.0006993381633486404,1.9510573716791015e-05,0.0,12,0,0,4,238,0.4142153004008574,0.06722689075630252,session_fcc314a8cfcd40b3ae0ebc9db0b0048e,0
0.48338748925166036,0.5397420505953446,0.08545773937217337,0.18577720491611044,1.509135644292373,3.9495962977354284,0.4478797806134302,0.1860546875,0.0,0.0,0.0,0.0,0.0,0.0,0.0,0.0,1.8478490116791337e-05,0.0016161505857767015,0.0015946530144241423,0.005712872527324291,0.011076195400932918,0.0010686048739961822,0.0034017123115349245,0.00010234899508489292,0.00019326402293645263,0.009599607733558587,0.018995095598886153,0.07807198474614559,0.057162192109920254,0.004459996638327986,0.006764197978928526,0.0001468857962933819,4.282384731585478e-08,0.0015884221446396856,0.017771061571057074,0.15043826995939227,0.10532120561977348,0.00352221861788174,0.0019290216142663365,0.0,0.0,5.648465460961246e-05,0.007428545734263039,0.12142969555456347,0.08114048470171585,0.002874250984145541,0.000977882553457544,0.0,0.0,0.0,0.0013657167266735827,0.08927722981096484,0.056586189951598344,0.0021991544431347486,4.4451153513857264e-05,0.0,0.0,0.0,0.00027143895621154553,0.061556775321473266,0.03412480367942496,0.00018743997970149638,0.0,0.0,4.031865224787727e-05,0.0,0.0017123329468481112,0.025521535577517053,0.03235870539227179,0.00029208005061778753,0.0,0.0,17,0,0,1,279,0.24732669980794922,0.06451612903225806,session_fe6cbad26e8f4358966977df2beb8c70,0
